timestamp,label,entry_tf,level_mode,cover_mode,trend,pivot,level_lookback,min_body,max_body,body_ratio,first_wave,sl,rr,trades,wr,fixed_pnl,fixed_per_day,fixed_per_month,fixed_pf,fixed_avg,pct_pos_days,max_losing_day_streak,sharpe_like
2026-07-02 16:58:49,M15_sweep_wick_tr8_pv8_lv60_mb0.1_xb1.8_br0.3_fw12_sl0.35_rr0.9,M15,sweep,wick,8,8,60,0.1,1.8,0.3,12,0.35,0.9,10,70.0,66.72,0.74,22.24,2.533,6.672,77.8,1,0.577
2026-07-02 16:58:49,M15_sweep_wick_tr8_pv8_lv60_mb0.18_xb1.8_br0.3_fw12_sl0.35_rr0.9,M15,sweep,wick,8,8,60,0.18,1.8,0.3,12,0.35,0.9,10,70.0,66.72,0.74,22.24,2.533,6.672,77.8,1,0.577
2026-07-02 16:58:49,M15_sweep_wick_tr12_pv8_lv60_mb0.1_xb1.8_br0.3_fw12_sl0.35_rr0.9,M15,sweep,wick,12,8,60,0.1,1.8,0.3,12,0.35,0.9,10,70.0,66.72,0.74,22.24,2.533,6.672,77.8,1,0.577
2026-07-02 16:58:49,M15_sweep_wick_tr12_pv8_lv60_mb0.18_xb1.8_br0.3_fw12_sl0.35_rr0.9,M15,sweep,wick,12,8,60,0.18,1.8,0.3,12,0.35,0.9,10,70.0,66.72,0.74,22.24,2.533,6.672,77.8,1,0.577
2026-07-02 16:58:49,M15_sweep_wick_tr8_pv8_lv60_mb0.1_xb1.8_br0.3_fw12_sl0.6_rr1.2,M15,sweep,wick,8,8,60,0.1,1.8,0.3,12,0.6,1.2,10,70.0,87.63,0.97,29.21,2.369,8.763,66.7,2,0.382
2026-07-02 16:58:49,M15_sweep_wick_tr8_pv8_lv60_mb0.18_xb1.8_br0.3_fw12_sl0.6_rr1.2,M15,sweep,wick,8,8,60,0.18,1.8,0.3,12,0.6,1.2,10,70.0,87.63,0.97,29.21,2.369,8.763,66.7,2,0.382
2026-07-02 16:58:49,M15_sweep_wick_tr12_pv8_lv60_mb0.1_xb1.8_br0.3_fw12_sl0.6_rr1.2,M15,sweep,wick,12,8,60,0.1,1.8,0.3,12,0.6,1.2,10,70.0,87.63,0.97,29.21,2.369,8.763,66.7,2,0.382
2026-07-02 16:58:49,M15_sweep_wick_tr12_pv8_lv60_mb0.18_xb1.8_br0.3_fw12_sl0.6_rr1.2,M15,sweep,wick,12,8,60,0.18,1.8,0.3,12,0.6,1.2,10,70.0,87.63,0.97,29.21,2.369,8.763,66.7,2,0.382
2026-07-02 16:58:49,M15_sweep_body_tr8_pv8_lv60_mb0.1_xb1.8_br0.3_fw12_sl0.35_rr0.9,M15,sweep,body,8,8,60,0.1,1.8,0.3,12,0.35,0.9,20,70.0,88.83,0.99,29.61,1.849,4.441,75.0,1,0.307
2026-07-02 16:58:49,M15_sweep_body_tr8_pv8_lv60_mb0.18_xb1.8_br0.3_fw12_sl0.35_rr0.9,M15,sweep,body,8,8,60,0.18,1.8,0.3,12,0.35,0.9,20,70.0,88.83,0.99,29.61,1.849,4.441,75.0,1,0.307
2026-07-02 16:58:49,M15_sweep_body_tr12_pv8_lv60_mb0.1_xb1.8_br0.3_fw12_sl0.35_rr0.9,M15,sweep,body,12,8,60,0.1,1.8,0.3,12,0.35,0.9,20,70.0,88.83,0.99,29.61,1.849,4.441,75.0,1,0.307
2026-07-02 16:58:49,M15_sweep_body_tr12_pv8_lv60_mb0.18_xb1.8_br0.3_fw12_sl0.35_rr0.9,M15,sweep,body,12,8,60,0.18,1.8,0.3,12,0.35,0.9,20,70.0,88.83,0.99,29.61,1.849,4.441,75.0,1,0.307
2026-07-02 16:58:49,M15_sweep_wick_tr8_pv8_lv60_mb0.1_xb1.8_br0.45_fw12_sl0.35_rr0.9,M15,sweep,wick,8,8,60,0.1,1.8,0.45,12,0.35,0.9,8,62.5,33.81,0.38,11.27,1.777,4.226,62.5,1,0.266
2026-07-02 16:58:49,M15_sweep_wick_tr8_pv8_lv60_mb0.18_xb1.8_br0.45_fw12_sl0.35_rr0.9,M15,sweep,wick,8,8,60,0.18,1.8,0.45,12,0.35,0.9,8,62.5,33.81,0.38,11.27,1.777,4.226,62.5,1,0.266
2026-07-02 16:58:49,M15_sweep_wick_tr12_pv8_lv60_mb0.1_xb1.8_br0.45_fw12_sl0.35_rr0.9,M15,sweep,wick,12,8,60,0.1,1.8,0.45,12,0.35,0.9,8,62.5,33.81,0.38,11.27,1.777,4.226,62.5,1,0.266
2026-07-02 16:58:49,M15_sweep_wick_tr12_pv8_lv60_mb0.18_xb1.8_br0.45_fw12_sl0.35_rr0.9,M15,sweep,wick,12,8,60,0.18,1.8,0.45,12,0.35,0.9,8,62.5,33.81,0.38,11.27,1.777,4.226,62.5,1,0.266
2026-07-02 16:58:49,M15_sweep_wick_tr8_pv8_lv60_mb0.1_xb1.8_br0.3_fw12_sl0.6_rr0.9,M15,sweep,wick,8,8,60,0.1,1.8,0.3,12,0.6,0.9,10,70.0,49.37,0.55,16.46,1.771,4.937,66.7,2,0.254
2026-07-02 16:58:49,M15_sweep_wick_tr8_pv8_lv60_mb0.18_xb1.8_br0.3_fw12_sl0.6_rr0.9,M15,sweep,wick,8,8,60,0.18,1.8,0.3,12,0.6,0.9,10,70.0,49.37,0.55,16.46,1.771,4.937,66.7,2,0.254
2026-07-02 16:58:49,M15_sweep_wick_tr12_pv8_lv60_mb0.1_xb1.8_br0.3_fw12_sl0.6_rr0.9,M15,sweep,wick,12,8,60,0.1,1.8,0.3,12,0.6,0.9,10,70.0,49.37,0.55,16.46,1.771,4.937,66.7,2,0.254
2026-07-02 16:58:49,M15_sweep_wick_tr12_pv8_lv60_mb0.18_xb1.8_br0.3_fw12_sl0.6_rr0.9,M15,sweep,wick,12,8,60,0.18,1.8,0.3,12,0.6,0.9,10,70.0,49.37,0.55,16.46,1.771,4.937,66.7,2,0.254
2026-07-02 16:58:49,M15_sweep_body_tr8_pv8_lv60_mb0.1_xb1.8_br0.3_fw12_sl0.6_rr0.9,M15,sweep,body,8,8,60,0.1,1.8,0.3,12,0.6,0.9,20,70.0,78.5,0.87,26.17,1.584,3.925,68.8,2,0.204
2026-07-02 16:58:49,M15_sweep_body_tr8_pv8_lv60_mb0.18_xb1.8_br0.3_fw12_sl0.6_rr0.9,M15,sweep,body,8,8,60,0.18,1.8,0.3,12,0.6,0.9,20,70.0,78.5,0.87,26.17,1.584,3.925,68.8,2,0.204
2026-07-02 16:58:49,M15_sweep_body_tr12_pv8_lv60_mb0.1_xb1.8_br0.3_fw12_sl0.6_rr0.9,M15,sweep,body,12,8,60,0.1,1.8,0.3,12,0.6,0.9,20,70.0,78.5,0.87,26.17,1.584,3.925,68.8,2,0.204
2026-07-02 16:58:49,M15_sweep_body_tr12_pv8_lv60_mb0.18_xb1.8_br0.3_fw12_sl0.6_rr0.9,M15,sweep,body,12,8,60,0.18,1.8,0.3,12,0.6,0.9,20,70.0,78.5,0.87,26.17,1.584,3.925,68.8,2,0.204
2026-07-02 16:58:49,M15_sweep_wick_tr8_pv8_lv60_mb0.1_xb1.8_br0.45_fw12_sl0.6_rr1.2,M15,sweep,wick,8,8,60,0.1,1.8,0.45,12,0.6,1.2,8,62.5,37.23,0.41,12.41,1.582,4.654,62.5,2,0.215
2026-07-02 16:58:49,M15_sweep_wick_tr8_pv8_lv60_mb0.18_xb1.8_br0.45_fw12_sl0.6_rr1.2,M15,sweep,wick,8,8,60,0.18,1.8,0.45,12,0.6,1.2,8,62.5,37.23,0.41,12.41,1.582,4.654,62.5,2,0.215
2026-07-02 16:58:49,M15_sweep_wick_tr12_pv8_lv60_mb0.1_xb1.8_br0.45_fw12_sl0.6_rr1.2,M15,sweep,wick,12,8,60,0.1,1.8,0.45,12,0.6,1.2,8,62.5,37.23,0.41,12.41,1.582,4.654,62.5,2,0.215
2026-07-02 16:58:49,M15_sweep_wick_tr12_pv8_lv60_mb0.18_xb1.8_br0.45_fw12_sl0.6_rr1.2,M15,sweep,wick,12,8,60,0.18,1.8,0.45,12,0.6,1.2,8,62.5,37.23,0.41,12.41,1.582,4.654,62.5,2,0.215
2026-07-02 16:58:49,M15_sweep_body_tr8_pv8_lv60_mb0.1_xb1.8_br0.3_fw12_sl0.6_rr1.2,M15,sweep,body,8,8,60,0.1,1.8,0.3,12,0.6,1.2,20,60.0,90.91,1.01,30.3,1.562,4.545,56.2,2,0.197
2026-07-02 16:58:49,M15_sweep_body_tr8_pv8_lv60_mb0.18_xb1.8_br0.3_fw12_sl0.6_rr1.2,M15,sweep,body,8,8,60,0.18,1.8,0.3,12,0.6,1.2,20,60.0,90.91,1.01,30.3,1.562,4.545,56.2,2,0.197
2026-07-02 16:58:49,M15_sweep_body_tr12_pv8_lv60_mb0.1_xb1.8_br0.3_fw12_sl0.6_rr1.2,M15,sweep,body,12,8,60,0.1,1.8,0.3,12,0.6,1.2,20,60.0,90.91,1.01,30.3,1.562,4.545,56.2,2,0.197
2026-07-02 16:58:49,M15_sweep_body_tr12_pv8_lv60_mb0.18_xb1.8_br0.3_fw12_sl0.6_rr1.2,M15,sweep,body,12,8,60,0.18,1.8,0.3,12,0.6,1.2,20,60.0,90.91,1.01,30.3,1.562,4.545,56.2,2,0.197
2026-07-02 16:58:49,M15_sweep_wick_tr8_pv8_lv60_mb0.1_xb1.8_br0.3_fw12_sl0.35_rr1.2,M15,sweep,wick,8,8,60,0.1,1.8,0.3,12,0.35,1.2,10,60.0,35.4,0.39,11.8,1.473,3.54,66.7,2,0.223
2026-07-02 16:58:49,M15_sweep_wick_tr8_pv8_lv60_mb0.18_xb1.8_br0.3_fw12_sl0.35_rr1.2,M15,sweep,wick,8,8,60,0.18,1.8,0.3,12,0.35,1.2,10,60.0,35.4,0.39,11.8,1.473,3.54,66.7,2,0.223
2026-07-02 16:58:49,M15_sweep_wick_tr12_pv8_lv60_mb0.1_xb1.8_br0.3_fw12_sl0.35_rr1.2,M15,sweep,wick,12,8,60,0.1,1.8,0.3,12,0.35,1.2,10,60.0,35.4,0.39,11.8,1.473,3.54,66.7,2,0.223
2026-07-02 16:58:49,M15_sweep_wick_tr12_pv8_lv60_mb0.18_xb1.8_br0.3_fw12_sl0.35_rr1.2,M15,sweep,wick,12,8,60,0.18,1.8,0.3,12,0.35,1.2,10,60.0,35.4,0.39,11.8,1.473,3.54,66.7,2,0.223
2026-07-02 16:58:49,M15_sweep_body_tr8_pv8_lv60_mb0.1_xb1.8_br0.3_fw12_sl0.35_rr1.2,M15,sweep,body,8,8,60,0.1,1.8,0.3,12,0.35,1.2,20,60.0,62.33,0.69,20.78,1.424,3.117,62.5,2,0.175
2026-07-02 16:58:49,M15_sweep_body_tr8_pv8_lv60_mb0.18_xb1.8_br0.3_fw12_sl0.35_rr1.2,M15,sweep,body,8,8,60,0.18,1.8,0.3,12,0.35,1.2,20,60.0,62.33,0.69,20.78,1.424,3.117,62.5,2,0.175
2026-07-02 16:58:49,M15_sweep_body_tr12_pv8_lv60_mb0.1_xb1.8_br0.3_fw12_sl0.35_rr1.2,M15,sweep,body,12,8,60,0.1,1.8,0.3,12,0.35,1.2,20,60.0,62.33,0.69,20.78,1.424,3.117,62.5,2,0.175
2026-07-02 16:58:49,M15_sweep_body_tr12_pv8_lv60_mb0.18_xb1.8_br0.3_fw12_sl0.35_rr1.2,M15,sweep,body,12,8,60,0.18,1.8,0.3,12,0.35,1.2,20,60.0,62.33,0.69,20.78,1.424,3.117,62.5,2,0.175
2026-07-02 16:58:49,M15_near_body_tr8_pv8_lv60_mb0.1_xb1.8_br0.3_fw12_sl0.6_rr1.2,M15,near,body,8,8,60,0.1,1.8,0.3,12,0.6,1.2,28,53.6,75.54,0.84,25.18,1.333,2.698,54.5,2,0.163
2026-07-02 16:58:49,M15_near_body_tr8_pv8_lv60_mb0.18_xb1.8_br0.3_fw12_sl0.6_rr1.2,M15,near,body,8,8,60,0.18,1.8,0.3,12,0.6,1.2,28,53.6,75.54,0.84,25.18,1.333,2.698,54.5,2,0.163
2026-07-02 16:58:49,M15_sweep_or_round_wick_tr12_pv8_lv60_mb0.1_xb1.8_br0.3_fw12_sl0.6_rr1.2,M15,sweep_or_round,wick,12,8,60,0.1,1.8,0.3,12,0.6,1.2,116,50.0,352.78,3.92,117.59,1.291,3.041,51.4,5,0.147
2026-07-02 16:58:49,M15_sweep_or_round_wick_tr12_pv8_lv60_mb0.18_xb1.8_br0.3_fw12_sl0.6_rr1.2,M15,sweep_or_round,wick,12,8,60,0.18,1.8,0.3,12,0.6,1.2,116,50.0,352.78,3.92,117.59,1.291,3.041,51.4,5,0.147
2026-07-02 16:58:49,M15_near_body_tr12_pv8_lv60_mb0.1_xb1.8_br0.3_fw12_sl0.35_rr0.9,M15,near,body,12,8,60,0.1,1.8,0.3,12,0.35,0.9,29,55.2,49.88,0.55,16.63,1.29,1.72,56.5,3,0.132
2026-07-02 16:58:49,M15_near_body_tr12_pv8_lv60_mb0.18_xb1.8_br0.3_fw12_sl0.35_rr0.9,M15,near,body,12,8,60,0.18,1.8,0.3,12,0.35,0.9,29,55.2,49.88,0.55,16.63,1.29,1.72,56.5,3,0.132
2026-07-02 16:58:49,M15_near_body_tr12_pv8_lv60_mb0.1_xb1.8_br0.3_fw12_sl0.6_rr1.2,M15,near,body,12,8,60,0.1,1.8,0.3,12,0.6,1.2,29,51.7,62.38,0.69,20.79,1.26,2.151,52.2,2,0.13
2026-07-02 16:58:49,M15_near_body_tr12_pv8_lv60_mb0.18_xb1.8_br0.3_fw12_sl0.6_rr1.2,M15,near,body,12,8,60,0.18,1.8,0.3,12,0.6,1.2,29,51.7,62.38,0.69,20.79,1.26,2.151,52.2,2,0.13
2026-07-02 16:58:49,M15_sweep_body_tr8_pv8_lv60_mb0.1_xb1.8_br0.45_fw12_sl0.35_rr0.9,M15,sweep,body,8,8,60,0.1,1.8,0.45,12,0.35,0.9,15,60.0,26.25,0.29,8.75,1.251,1.75,64.3,1,0.101
2026-07-02 16:58:49,M15_sweep_body_tr8_pv8_lv60_mb0.18_xb1.8_br0.45_fw12_sl0.35_rr0.9,M15,sweep,body,8,8,60,0.18,1.8,0.45,12,0.35,0.9,15,60.0,26.25,0.29,8.75,1.251,1.75,64.3,1,0.101
2026-07-02 16:58:49,M15_sweep_body_tr12_pv8_lv60_mb0.1_xb1.8_br0.45_fw12_sl0.35_rr0.9,M15,sweep,body,12,8,60,0.1,1.8,0.45,12,0.35,0.9,15,60.0,26.25,0.29,8.75,1.251,1.75,64.3,1,0.101
2026-07-02 16:58:49,M15_sweep_body_tr12_pv8_lv60_mb0.18_xb1.8_br0.45_fw12_sl0.35_rr0.9,M15,sweep,body,12,8,60,0.18,1.8,0.45,12,0.35,0.9,15,60.0,26.25,0.29,8.75,1.251,1.75,64.3,1,0.101
2026-07-02 16:58:49,M5_sweep_or_round_wick_tr12_pv8_lv60_mb0.1_xb1.8_br0.45_fw12_sl0.6_rr0.9,M5,sweep_or_round,wick,12,8,60,0.1,1.8,0.45,12,0.6,0.9,210,58.6,316.99,3.52,105.66,1.234,1.509,58.0,4,0.155
2026-07-02 16:58:49,M5_sweep_or_round_wick_tr12_pv8_lv60_mb0.18_xb1.8_br0.45_fw12_sl0.6_rr0.9,M5,sweep_or_round,wick,12,8,60,0.18,1.8,0.45,12,0.6,0.9,210,58.6,316.99,3.52,105.66,1.234,1.509,58.0,4,0.155
2026-07-02 16:58:49,M15_near_body_tr8_pv8_lv60_mb0.1_xb1.8_br0.3_fw12_sl0.35_rr0.9,M15,near,body,8,8,60,0.1,1.8,0.3,12,0.35,0.9,28,53.6,40.26,0.45,13.42,1.234,1.438,54.5,3,0.11
2026-07-02 16:58:49,M15_near_body_tr8_pv8_lv60_mb0.18_xb1.8_br0.3_fw12_sl0.35_rr0.9,M15,near,body,8,8,60,0.18,1.8,0.3,12,0.35,0.9,28,53.6,40.26,0.45,13.42,1.234,1.438,54.5,3,0.11
2026-07-02 16:58:49,M15_sweep_or_round_wick_tr8_pv8_lv60_mb0.1_xb1.8_br0.45_fw12_sl0.6_rr1.2,M15,sweep_or_round,wick,8,8,60,0.1,1.8,0.45,12,0.6,1.2,95,47.4,238.97,2.66,79.66,1.232,2.515,50.8,5,0.113
2026-07-02 16:58:49,M15_sweep_or_round_wick_tr8_pv8_lv60_mb0.18_xb1.8_br0.45_fw12_sl0.6_rr1.2,M15,sweep_or_round,wick,8,8,60,0.18,1.8,0.45,12,0.6,1.2,95,47.4,238.97,2.66,79.66,1.232,2.515,50.8,5,0.113
2026-07-02 16:58:49,M15_sweep_or_round_wick_tr8_pv8_lv60_mb0.1_xb1.8_br0.3_fw12_sl0.6_rr1.2,M15,sweep_or_round,wick,8,8,60,0.1,1.8,0.3,12,0.6,1.2,108,49.1,269.62,3.0,89.87,1.231,2.496,50.7,5,0.116
2026-07-02 16:58:49,M15_sweep_or_round_wick_tr8_pv8_lv60_mb0.18_xb1.8_br0.3_fw12_sl0.6_rr1.2,M15,sweep_or_round,wick,8,8,60,0.18,1.8,0.3,12,0.6,1.2,108,49.1,269.62,3.0,89.87,1.231,2.496,50.7,5,0.116
2026-07-02 16:58:49,M15_sweep_or_round_wick_tr12_pv8_lv60_mb0.1_xb1.8_br0.45_fw12_sl0.6_rr1.2,M15,sweep_or_round,wick,12,8,60,0.1,1.8,0.45,12,0.6,1.2,101,47.5,247.61,2.75,82.54,1.231,2.452,50.0,5,0.11
2026-07-02 16:58:49,M15_sweep_or_round_wick_tr12_pv8_lv60_mb0.18_xb1.8_br0.45_fw12_sl0.6_rr1.2,M15,sweep_or_round,wick,12,8,60,0.18,1.8,0.45,12,0.6,1.2,101,47.5,247.61,2.75,82.54,1.231,2.452,50.0,5,0.11
2026-07-02 16:58:49,M5_sweep_or_round_wick_tr8_pv8_lv60_mb0.1_xb1.8_br0.45_fw12_sl0.6_rr0.9,M5,sweep_or_round,wick,8,8,60,0.1,1.8,0.45,12,0.6,0.9,199,58.3,297.26,3.3,99.09,1.228,1.494,60.5,3,0.155
2026-07-02 16:58:49,M5_sweep_or_round_wick_tr8_pv8_lv60_mb0.18_xb1.8_br0.45_fw12_sl0.6_rr0.9,M5,sweep_or_round,wick,8,8,60,0.18,1.8,0.45,12,0.6,0.9,199,58.3,297.26,3.3,99.09,1.228,1.494,60.5,3,0.155
2026-07-02 16:58:49,M5_sweep_or_round_body_tr12_pv8_lv60_mb0.1_xb1.8_br0.45_fw12_sl0.6_rr0.9,M5,sweep_or_round,body,12,8,60,0.1,1.8,0.45,12,0.6,0.9,252,56.0,348.24,3.87,116.08,1.226,1.382,56.0,4,0.15
2026-07-02 16:58:49,M5_sweep_or_round_body_tr12_pv8_lv60_mb0.18_xb1.8_br0.45_fw12_sl0.6_rr0.9,M5,sweep_or_round,body,12,8,60,0.18,1.8,0.45,12,0.6,0.9,252,56.0,348.24,3.87,116.08,1.226,1.382,56.0,4,0.15
2026-07-02 16:58:49,M5_sweep_or_round_body_tr8_pv8_lv60_mb0.1_xb1.8_br0.45_fw12_sl0.6_rr0.9,M5,sweep_or_round,body,8,8,60,0.1,1.8,0.45,12,0.6,0.9,241,55.6,334.01,3.71,111.34,1.224,1.386,57.3,3,0.15
2026-07-02 16:58:49,M5_sweep_or_round_body_tr8_pv8_lv60_mb0.18_xb1.8_br0.45_fw12_sl0.6_rr0.9,M5,sweep_or_round,body,8,8,60,0.18,1.8,0.45,12,0.6,0.9,241,55.6,334.01,3.71,111.34,1.224,1.386,57.3,3,0.15
2026-07-02 16:58:49,M5_sweep_or_round_wick_tr12_pv8_lv60_mb0.1_xb1.8_br0.3_fw12_sl0.6_rr0.9,M5,sweep_or_round,wick,12,8,60,0.1,1.8,0.3,12,0.6,0.9,232,58.2,325.42,3.62,108.47,1.22,1.403,53.9,4,0.15
2026-07-02 16:58:49,M5_sweep_or_round_wick_tr12_pv8_lv60_mb0.18_xb1.8_br0.3_fw12_sl0.6_rr0.9,M5,sweep_or_round,wick,12,8,60,0.18,1.8,0.3,12,0.6,0.9,232,58.2,325.42,3.62,108.47,1.22,1.403,53.9,4,0.15
2026-07-02 16:58:49,M15_near_body_tr12_pv8_lv60_mb0.1_xb1.8_br0.45_fw12_sl0.35_rr0.9,M15,near,body,12,8,60,0.1,1.8,0.45,12,0.35,0.9,24,54.2,33.69,0.37,11.23,1.219,1.404,50.0,3,0.105
2026-07-02 16:58:49,M15_near_body_tr12_pv8_lv60_mb0.18_xb1.8_br0.45_fw12_sl0.35_rr0.9,M15,near,body,12,8,60,0.18,1.8,0.45,12,0.35,0.9,24,54.2,33.69,0.37,11.23,1.219,1.404,50.0,3,0.105
2026-07-02 16:58:49,M5_sweep_or_round_body_tr12_pv8_lv60_mb0.1_xb1.8_br0.45_fw12_sl0.6_rr1.2,M5,sweep_or_round,body,12,8,60,0.1,1.8,0.45,12,0.6,1.2,252,49.6,389.59,4.33,129.86,1.215,1.546,50.5,4,0.129
2026-07-02 16:58:49,M5_sweep_or_round_body_tr12_pv8_lv60_mb0.18_xb1.8_br0.45_fw12_sl0.6_rr1.2,M5,sweep_or_round,body,12,8,60,0.18,1.8,0.45,12,0.6,1.2,252,49.6,389.59,4.33,129.86,1.215,1.546,50.5,4,0.129
2026-07-02 16:58:49,M5_sweep_or_round_wick_tr8_pv8_lv60_mb0.1_xb1.8_br0.3_fw12_sl0.6_rr0.9,M5,sweep_or_round,wick,8,8,60,0.1,1.8,0.3,12,0.6,0.9,221,57.9,305.69,3.4,101.9,1.214,1.383,54.0,3,0.149
2026-07-02 16:58:49,M5_sweep_or_round_wick_tr8_pv8_lv60_mb0.18_xb1.8_br0.3_fw12_sl0.6_rr0.9,M5,sweep_or_round,wick,8,8,60,0.18,1.8,0.3,12,0.6,0.9,221,57.9,305.69,3.4,101.9,1.214,1.383,54.0,3,0.149
2026-07-02 16:58:49,M15_near_body_tr8_pv8_lv60_mb0.1_xb1.8_br0.3_fw12_sl0.35_rr1.2,M15,near,body,8,8,60,0.1,1.8,0.3,12,0.35,1.2,28,50.0,43.51,0.48,14.5,1.214,1.554,54.5,3,0.102
2026-07-02 16:58:49,M15_near_body_tr8_pv8_lv60_mb0.18_xb1.8_br0.3_fw12_sl0.35_rr1.2,M15,near,body,8,8,60,0.18,1.8,0.3,12,0.35,1.2,28,50.0,43.51,0.48,14.5,1.214,1.554,54.5,3,0.102
2026-07-02 16:58:49,M15_sweep_or_round_body_tr12_pv8_lv60_mb0.1_xb1.8_br0.45_fw12_sl0.35_rr0.9,M15,sweep_or_round,body,12,8,60,0.1,1.8,0.45,12,0.35,0.9,115,57.4,183.32,2.04,61.11,1.211,1.594,50.0,5,0.098
2026-07-02 16:58:49,M15_sweep_or_round_body_tr12_pv8_lv60_mb0.18_xb1.8_br0.45_fw12_sl0.35_rr0.9,M15,sweep_or_round,body,12,8,60,0.18,1.8,0.45,12,0.35,0.9,115,57.4,183.32,2.04,61.11,1.211,1.594,50.0,5,0.098
2026-07-02 16:58:49,M5_sweep_or_round_wick_tr12_pv8_lv60_mb0.1_xb1.8_br0.45_fw12_sl0.6_rr1.2,M5,sweep_or_round,wick,12,8,60,0.1,1.8,0.45,12,0.6,1.2,210,51.9,330.41,3.67,110.14,1.205,1.573,52.8,7,0.128
2026-07-02 16:58:49,M5_sweep_or_round_wick_tr12_pv8_lv60_mb0.18_xb1.8_br0.45_fw12_sl0.6_rr1.2,M5,sweep_or_round,wick,12,8,60,0.18,1.8,0.45,12,0.6,1.2,210,51.9,330.41,3.67,110.14,1.205,1.573,52.8,7,0.128
2026-07-02 16:58:49,M5_sweep_or_round_body_tr8_pv8_lv60_mb0.1_xb1.8_br0.45_fw12_sl0.6_rr1.2,M5,sweep_or_round,body,8,8,60,0.1,1.8,0.45,12,0.6,1.2,241,49.0,353.83,3.93,117.94,1.201,1.468,51.7,4,0.119
2026-07-02 16:58:49,M5_sweep_or_round_body_tr8_pv8_lv60_mb0.18_xb1.8_br0.45_fw12_sl0.6_rr1.2,M5,sweep_or_round,body,8,8,60,0.18,1.8,0.45,12,0.6,1.2,241,49.0,353.83,3.93,117.94,1.201,1.468,51.7,4,0.119
2026-07-02 16:58:49,M5_sweep_or_round_body_tr12_pv8_lv60_mb0.18_xb1.8_br0.3_fw12_sl0.35_rr0.9,M5,sweep_or_round,body,12,8,60,0.18,1.8,0.3,12,0.35,0.9,292,56.8,282.4,3.14,94.13,1.191,0.967,58.7,5,0.132
2026-07-02 16:58:49,M5_sweep_or_round_body_tr8_pv8_lv60_mb0.18_xb1.8_br0.3_fw12_sl0.35_rr0.9,M5,sweep_or_round,body,8,8,60,0.18,1.8,0.3,12,0.35,0.9,281,56.6,274.39,3.05,91.46,1.191,0.976,58.9,5,0.13
2026-07-02 16:58:49,M5_sweep_or_round_body_tr12_pv8_lv60_mb0.18_xb1.8_br0.3_fw12_sl0.6_rr0.9,M5,sweep_or_round,body,12,8,60,0.18,1.8,0.3,12,0.6,0.9,292,55.5,327.19,3.64,109.06,1.19,1.121,55.4,4,0.133
2026-07-02 16:58:49,M5_sweep_or_round_body_tr12_pv8_lv60_mb0.1_xb1.8_br0.3_fw12_sl0.35_rr0.9,M5,sweep_or_round,body,12,8,60,0.1,1.8,0.3,12,0.35,0.9,293,56.7,274.94,3.05,91.65,1.185,0.938,58.7,5,0.128
2026-07-02 16:58:49,M5_sweep_or_round_body_tr8_pv8_lv60_mb0.1_xb1.8_br0.3_fw12_sl0.35_rr0.9,M5,sweep_or_round,body,8,8,60,0.1,1.8,0.3,12,0.35,0.9,282,56.4,266.93,2.97,88.98,1.185,0.947,58.9,5,0.126
2026-07-02 16:58:49,M5_sweep_or_round_wick_tr8_pv8_lv60_mb0.1_xb1.8_br0.45_fw12_sl0.6_rr1.2,M5,sweep_or_round,wick,8,8,60,0.1,1.8,0.45,12,0.6,1.2,199,51.3,287.31,3.19,95.77,1.184,1.444,54.0,7,0.116
2026-07-02 16:58:49,M5_sweep_or_round_wick_tr8_pv8_lv60_mb0.18_xb1.8_br0.45_fw12_sl0.6_rr1.2,M5,sweep_or_round,wick,8,8,60,0.18,1.8,0.45,12,0.6,1.2,199,51.3,287.31,3.19,95.77,1.184,1.444,54.0,7,0.116
2026-07-02 16:58:49,M5_sweep_or_round_body_tr12_pv8_lv60_mb0.1_xb1.8_br0.3_fw12_sl0.6_rr0.9,M5,sweep_or_round,body,12,8,60,0.1,1.8,0.3,12,0.6,0.9,293,55.3,317.29,3.53,105.76,1.183,1.083,55.4,4,0.128
2026-07-02 16:58:49,M5_sweep_or_round_body_tr12_pv8_lv60_mb0.1_xb1.8_br0.45_fw12_sl0.35_rr0.9,M5,sweep_or_round,body,12,8,60,0.1,1.8,0.45,12,0.35,0.9,252,56.0,246.29,2.74,82.1,1.182,0.977,54.9,4,0.122
2026-07-02 16:58:49,M5_sweep_or_round_body_tr12_pv8_lv60_mb0.18_xb1.8_br0.45_fw12_sl0.35_rr0.9,M5,sweep_or_round,body,12,8,60,0.18,1.8,0.45,12,0.35,0.9,252,56.0,246.29,2.74,82.1,1.182,0.977,54.9,4,0.122
2026-07-02 16:58:49,M15_sweep_wick_tr8_pv8_lv60_mb0.1_xb1.8_br0.45_fw12_sl0.6_rr0.9,M15,sweep,wick,8,8,60,0.1,1.8,0.45,12,0.6,0.9,8,62.5,11.67,0.13,3.89,1.182,1.459,62.5,2,0.077
2026-07-02 16:58:49,M15_sweep_wick_tr8_pv8_lv60_mb0.18_xb1.8_br0.45_fw12_sl0.6_rr0.9,M15,sweep,wick,8,8,60,0.18,1.8,0.45,12,0.6,0.9,8,62.5,11.67,0.13,3.89,1.182,1.459,62.5,2,0.077
2026-07-02 16:58:49,M15_sweep_wick_tr12_pv8_lv60_mb0.1_xb1.8_br0.45_fw12_sl0.6_rr0.9,M15,sweep,wick,12,8,60,0.1,1.8,0.45,12,0.6,0.9,8,62.5,11.67,0.13,3.89,1.182,1.459,62.5,2,0.077
2026-07-02 16:58:49,M15_sweep_wick_tr12_pv8_lv60_mb0.18_xb1.8_br0.45_fw12_sl0.6_rr0.9,M15,sweep,wick,12,8,60,0.18,1.8,0.45,12,0.6,0.9,8,62.5,11.67,0.13,3.89,1.182,1.459,62.5,2,0.077
2026-07-02 16:58:49,M5_sweep_or_round_body_tr8_pv8_lv60_mb0.1_xb1.8_br0.45_fw12_sl0.35_rr0.9,M5,sweep_or_round,body,8,8,60,0.1,1.8,0.45,12,0.35,0.9,241,55.6,236.47,2.63,78.82,1.18,0.981,56.2,4,0.119
2026-07-02 16:58:49,M5_sweep_or_round_body_tr8_pv8_lv60_mb0.18_xb1.8_br0.45_fw12_sl0.35_rr0.9,M5,sweep_or_round,body,8,8,60,0.18,1.8,0.45,12,0.35,0.9,241,55.6,236.47,2.63,78.82,1.18,0.981,56.2,4,0.119
2026-07-02 16:58:49,M5_sweep_or_round_body_tr8_pv8_lv60_mb0.18_xb1.8_br0.3_fw12_sl0.6_rr0.9,M5,sweep_or_round,body,8,8,60,0.18,1.8,0.3,12,0.6,0.9,281,54.8,295.39,3.28,98.46,1.176,1.051,54.4,4,0.124
2026-07-02 16:58:49,M15_sweep_or_round_body_tr8_pv8_lv60_mb0.1_xb1.8_br0.45_fw12_sl0.35_rr0.9,M15,sweep_or_round,body,8,8,60,0.1,1.8,0.45,12,0.35,0.9,107,56.1,147.93,1.64,49.31,1.176,1.383,48.5,5,0.083
2026-07-02 16:58:49,M15_sweep_or_round_body_tr8_pv8_lv60_mb0.18_xb1.8_br0.45_fw12_sl0.35_rr0.9,M15,sweep_or_round,body,8,8,60,0.18,1.8,0.45,12,0.35,0.9,107,56.1,147.93,1.64,49.31,1.176,1.383,48.5,5,0.083
2026-07-02 16:58:49,M5_sweep_or_round_body_tr12_pv8_lv60_mb0.1_xb1.8_br0.45_fw12_sl0.35_rr1.2,M5,sweep_or_round,body,12,8,60,0.1,1.8,0.45,12,0.35,1.2,252,48.0,276.47,3.07,92.16,1.174,1.097,44.0,8,0.11
2026-07-02 16:58:49,M5_sweep_or_round_body_tr12_pv8_lv60_mb0.18_xb1.8_br0.45_fw12_sl0.35_rr1.2,M5,sweep_or_round,body,12,8,60,0.18,1.8,0.45,12,0.35,1.2,252,48.0,276.47,3.07,92.16,1.174,1.097,44.0,8,0.11
2026-07-02 16:58:49,M15_sweep_or_round_wick_tr12_pv8_lv60_mb0.1_xb1.8_br0.3_fw12_sl0.35_rr1.2,M15,sweep_or_round,wick,12,8,60,0.1,1.8,0.3,12,0.35,1.2,116,47.4,190.99,2.12,63.66,1.173,1.646,47.3,6,0.087
2026-07-02 16:58:49,M15_sweep_or_round_wick_tr12_pv8_lv60_mb0.18_xb1.8_br0.3_fw12_sl0.35_rr1.2,M15,sweep_or_round,wick,12,8,60,0.18,1.8,0.3,12,0.35,1.2,116,47.4,190.99,2.12,63.66,1.173,1.646,47.3,6,0.087
2026-07-02 16:58:49,M15_sweep_or_round_body_tr8_pv8_lv60_mb0.1_xb1.8_br0.45_fw12_sl0.6_rr1.2,M15,sweep_or_round,body,8,8,60,0.1,1.8,0.45,12,0.6,1.2,107,46.7,195.16,2.17,65.05,1.171,1.824,50.0,5,0.087
2026-07-02 16:58:49,M15_sweep_or_round_body_tr8_pv8_lv60_mb0.18_xb1.8_br0.45_fw12_sl0.6_rr1.2,M15,sweep_or_round,body,8,8,60,0.18,1.8,0.45,12,0.6,1.2,107,46.7,195.16,2.17,65.05,1.171,1.824,50.0,5,0.087
2026-07-02 16:58:49,M15_sweep_or_round_wick_tr12_pv8_lv60_mb0.1_xb1.8_br0.45_fw12_sl0.35_rr0.9,M15,sweep_or_round,wick,12,8,60,0.1,1.8,0.45,12,0.35,0.9,101,54.5,139.92,1.55,46.64,1.171,1.385,47.1,9,0.082
2026-07-02 16:58:49,M15_sweep_or_round_wick_tr12_pv8_lv60_mb0.18_xb1.8_br0.45_fw12_sl0.35_rr0.9,M15,sweep_or_round,wick,12,8,60,0.18,1.8,0.45,12,0.35,0.9,101,54.5,139.92,1.55,46.64,1.171,1.385,47.1,9,0.082
2026-07-02 16:58:49,M5_sweep_or_round_body_tr8_pv8_lv60_mb0.1_xb1.8_br0.3_fw12_sl0.6_rr0.9,M5,sweep_or_round,body,8,8,60,0.1,1.8,0.3,12,0.6,0.9,282,54.6,285.49,3.17,95.16,1.169,1.012,54.4,4,0.118
2026-07-02 16:58:49,M15_sweep_or_round_body_tr12_pv8_lv60_mb0.1_xb1.8_br0.3_fw12_sl0.6_rr1.2,M15,sweep_or_round,body,12,8,60,0.1,1.8,0.3,12,0.6,1.2,136,48.5,237.75,2.64,79.25,1.169,1.748,48.6,5,0.093
2026-07-02 16:58:49,M15_sweep_or_round_body_tr12_pv8_lv60_mb0.18_xb1.8_br0.3_fw12_sl0.6_rr1.2,M15,sweep_or_round,body,12,8,60,0.18,1.8,0.3,12,0.6,1.2,136,48.5,237.75,2.64,79.25,1.169,1.748,48.6,5,0.093
2026-07-02 16:58:49,M15_sweep_or_round_body_tr12_pv8_lv60_mb0.1_xb1.8_br0.45_fw12_sl0.6_rr1.2,M15,sweep_or_round,body,12,8,60,0.1,1.8,0.45,12,0.6,1.2,115,47.0,202.87,2.25,67.62,1.169,1.764,48.5,5,0.085
2026-07-02 16:58:49,M15_sweep_or_round_body_tr12_pv8_lv60_mb0.18_xb1.8_br0.45_fw12_sl0.6_rr1.2,M15,sweep_or_round,body,12,8,60,0.18,1.8,0.45,12,0.6,1.2,115,47.0,202.87,2.25,67.62,1.169,1.764,48.5,5,0.085
2026-07-02 16:58:49,M5_sweep_wick_tr8_pv8_lv60_mb0.1_xb1.8_br0.3_fw12_sl0.6_rr0.9,M5,sweep,wick,8,8,60,0.1,1.8,0.3,12,0.6,0.9,33,60.6,31.92,0.35,10.64,1.169,0.967,62.1,4,0.078
2026-07-02 16:58:49,M5_sweep_wick_tr8_pv8_lv60_mb0.18_xb1.8_br0.3_fw12_sl0.6_rr0.9,M5,sweep,wick,8,8,60,0.18,1.8,0.3,12,0.6,0.9,33,60.6,31.92,0.35,10.64,1.169,0.967,62.1,4,0.078
2026-07-02 16:58:49,M5_sweep_wick_tr12_pv8_lv60_mb0.1_xb1.8_br0.3_fw12_sl0.6_rr0.9,M5,sweep,wick,12,8,60,0.1,1.8,0.3,12,0.6,0.9,33,60.6,31.92,0.35,10.64,1.169,0.967,62.1,4,0.078
2026-07-02 16:58:49,M5_sweep_wick_tr12_pv8_lv60_mb0.18_xb1.8_br0.3_fw12_sl0.6_rr0.9,M5,sweep,wick,12,8,60,0.18,1.8,0.3,12,0.6,0.9,33,60.6,31.92,0.35,10.64,1.169,0.967,62.1,4,0.078
2026-07-02 16:58:49,M5_sweep_body_tr12_pv8_lv60_mb0.1_xb1.8_br0.3_fw12_sl0.6_rr0.9,M5,sweep,body,12,8,60,0.1,1.8,0.3,12,0.6,0.9,60,60.0,48.39,0.54,16.13,1.166,0.807,55.6,7,0.088
2026-07-02 16:58:49,M5_sweep_body_tr12_pv8_lv60_mb0.18_xb1.8_br0.3_fw12_sl0.6_rr0.9,M5,sweep,body,12,8,60,0.18,1.8,0.3,12,0.6,0.9,60,60.0,48.39,0.54,16.13,1.166,0.807,55.6,7,0.088
2026-07-02 16:58:49,M5_sweep_or_round_body_tr8_pv8_lv60_mb0.1_xb1.8_br0.45_fw12_sl0.35_rr1.2,M5,sweep_or_round,body,8,8,60,0.1,1.8,0.45,12,0.35,1.2,241,47.3,248.39,2.76,82.8,1.16,1.031,46.1,6,0.101
2026-07-02 16:58:49,M5_sweep_or_round_body_tr8_pv8_lv60_mb0.18_xb1.8_br0.45_fw12_sl0.35_rr1.2,M5,sweep_or_round,body,8,8,60,0.18,1.8,0.45,12,0.35,1.2,241,47.3,248.39,2.76,82.8,1.16,1.031,46.1,6,0.101
2026-07-02 16:58:49,M15_sweep_or_round_wick_tr12_pv8_lv60_mb0.1_xb1.8_br0.3_fw12_sl0.35_rr0.9,M15,sweep_or_round,wick,12,8,60,0.1,1.8,0.3,12,0.35,0.9,116,55.2,152.12,1.69,50.71,1.16,1.311,46.7,10,0.082
2026-07-02 16:58:49,M15_sweep_or_round_wick_tr12_pv8_lv60_mb0.18_xb1.8_br0.3_fw12_sl0.35_rr0.9,M15,sweep_or_round,wick,12,8,60,0.18,1.8,0.3,12,0.35,0.9,116,55.2,152.12,1.69,50.71,1.16,1.311,46.7,10,0.082
2026-07-02 16:58:49,M5_sweep_or_round_body_tr12_pv8_lv60_mb0.18_xb1.8_br0.3_fw12_sl0.6_rr1.2,M5,sweep_or_round,body,12,8,60,0.18,1.8,0.3,12,0.6,1.2,292,49.0,324.13,3.6,108.04,1.159,1.11,54.8,4,0.113
2026-07-02 16:58:49,M5_sweep_or_round_wick_tr12_pv8_lv60_mb0.1_xb1.8_br0.45_fw12_sl0.35_rr1.2,M5,sweep_or_round,wick,12,8,60,0.1,1.8,0.45,12,0.35,1.2,210,50.0,225.43,2.5,75.14,1.158,1.073,47.2,7,0.104
2026-07-02 16:58:49,M5_sweep_or_round_wick_tr12_pv8_lv60_mb0.18_xb1.8_br0.45_fw12_sl0.35_rr1.2,M5,sweep_or_round,wick,12,8,60,0.18,1.8,0.45,12,0.35,1.2,210,50.0,225.43,2.5,75.14,1.158,1.073,47.2,7,0.104
2026-07-02 16:58:49,M15_near_body_tr8_pv8_lv60_mb0.1_xb1.8_br0.45_fw12_sl0.35_rr0.9,M15,near,body,8,8,60,0.1,1.8,0.45,12,0.35,0.9,23,52.2,24.07,0.27,8.02,1.156,1.047,47.4,3,0.077
2026-07-02 16:58:49,M15_near_body_tr8_pv8_lv60_mb0.18_xb1.8_br0.45_fw12_sl0.35_rr0.9,M15,near,body,8,8,60,0.18,1.8,0.45,12,0.35,0.9,23,52.2,24.07,0.27,8.02,1.156,1.047,47.4,3,0.077
2026-07-02 16:58:49,M5_sweep_or_round_body_tr12_pv8_lv60_mb0.1_xb1.8_br0.3_fw12_sl0.6_rr1.2,M5,sweep_or_round,body,12,8,60,0.1,1.8,0.3,12,0.6,1.2,293,48.8,314.23,3.49,104.74,1.153,1.072,54.8,4,0.109
2026-07-02 16:58:49,M15_sweep_or_round_body_tr12_pv8_lv60_mb0.1_xb1.8_br0.3_fw12_sl0.35_rr0.9,M15,sweep_or_round,body,12,8,60,0.1,1.8,0.3,12,0.35,0.9,136,57.4,159.6,1.77,53.2,1.153,1.174,51.9,7,0.079
2026-07-02 16:58:49,M15_sweep_or_round_body_tr12_pv8_lv60_mb0.18_xb1.8_br0.3_fw12_sl0.35_rr0.9,M15,sweep_or_round,body,12,8,60,0.18,1.8,0.3,12,0.35,0.9,136,57.4,159.6,1.77,53.2,1.153,1.174,51.9,7,0.079
2026-07-02 16:58:49,M5_sweep_or_round_wick_tr12_pv8_lv60_mb0.1_xb1.8_br0.3_fw12_sl0.6_rr1.2,M5,sweep_or_round,wick,12,8,60,0.1,1.8,0.3,12,0.6,1.2,232,50.9,271.74,3.02,90.58,1.152,1.171,51.6,7,0.11
2026-07-02 16:58:49,M5_sweep_or_round_wick_tr12_pv8_lv60_mb0.18_xb1.8_br0.3_fw12_sl0.6_rr1.2,M5,sweep_or_round,wick,12,8,60,0.18,1.8,0.3,12,0.6,1.2,232,50.9,271.74,3.02,90.58,1.152,1.171,51.6,7,0.11
2026-07-02 16:58:49,M15_near_body_tr12_pv8_lv60_mb0.1_xb1.8_br0.3_fw12_sl0.35_rr1.2,M15,near,body,12,8,60,0.1,1.8,0.3,12,0.35,1.2,29,48.3,32.4,0.36,10.8,1.151,1.117,52.2,3,0.073
2026-07-02 16:58:49,M15_near_body_tr12_pv8_lv60_mb0.18_xb1.8_br0.3_fw12_sl0.35_rr1.2,M15,near,body,12,8,60,0.18,1.8,0.3,12,0.35,1.2,29,48.3,32.4,0.36,10.8,1.151,1.117,52.2,3,0.073
2026-07-02 16:58:49,M5_sweep_body_tr12_pv8_lv60_mb0.1_xb1.8_br0.3_fw12_sl0.6_rr1.2,M5,sweep,body,12,8,60,0.1,1.8,0.3,12,0.6,1.2,60,51.7,50.7,0.56,16.9,1.147,0.845,52.2,5,0.072
2026-07-02 16:58:49,M5_sweep_body_tr12_pv8_lv60_mb0.18_xb1.8_br0.3_fw12_sl0.6_rr1.2,M5,sweep,body,12,8,60,0.18,1.8,0.3,12,0.6,1.2,60,51.7,50.7,0.56,16.9,1.147,0.845,52.2,5,0.072
2026-07-02 16:58:49,M5_sweep_or_round_body_tr12_pv8_lv60_mb0.18_xb1.8_br0.3_fw12_sl0.35_rr1.2,M5,sweep_or_round,body,12,8,60,0.18,1.8,0.3,12,0.35,1.2,292,48.3,258.17,2.87,86.06,1.146,0.884,48.4,6,0.103
2026-07-02 16:58:49,M5_sweep_or_round_body_tr12_pv8_lv60_mb0.1_xb1.8_br0.3_fw12_sl0.35_rr1.2,M5,sweep_or_round,body,12,8,60,0.1,1.8,0.3,12,0.35,1.2,293,48.1,250.71,2.79,83.57,1.141,0.856,48.4,6,0.1
2026-07-02 16:58:49,M5_sweep_or_round_wick_tr12_pv8_lv60_mb0.1_xb1.8_br0.3_fw12_sl0.35_rr1.2,M5,sweep_or_round,wick,12,8,60,0.1,1.8,0.3,12,0.35,1.2,232,50.0,215.83,2.4,71.94,1.138,0.93,47.3,4,0.1
2026-07-02 16:58:49,M5_sweep_or_round_wick_tr12_pv8_lv60_mb0.18_xb1.8_br0.3_fw12_sl0.35_rr1.2,M5,sweep_or_round,wick,12,8,60,0.18,1.8,0.3,12,0.35,1.2,232,50.0,215.83,2.4,71.94,1.138,0.93,47.3,4,0.1
2026-07-02 16:58:49,M5_sweep_or_round_wick_tr8_pv8_lv60_mb0.1_xb1.8_br0.45_fw12_sl0.35_rr1.2,M5,sweep_or_round,wick,8,8,60,0.1,1.8,0.45,12,0.35,1.2,199,49.2,190.66,2.12,63.55,1.138,0.958,49.4,5,0.093
2026-07-02 16:58:49,M5_sweep_or_round_wick_tr8_pv8_lv60_mb0.18_xb1.8_br0.45_fw12_sl0.35_rr1.2,M5,sweep_or_round,wick,8,8,60,0.18,1.8,0.45,12,0.35,1.2,199,49.2,190.66,2.12,63.55,1.138,0.958,49.4,5,0.093
2026-07-02 16:58:49,M5_sweep_or_round_wick_tr12_pv8_lv60_mb0.1_xb1.8_br0.3_fw12_sl0.35_rr0.9,M5,sweep_or_round,wick,12,8,60,0.1,1.8,0.3,12,0.35,0.9,232,56.9,182.96,2.03,60.99,1.137,0.789,51.7,4,0.098
2026-07-02 16:58:49,M5_sweep_or_round_wick_tr12_pv8_lv60_mb0.18_xb1.8_br0.3_fw12_sl0.35_rr0.9,M5,sweep_or_round,wick,12,8,60,0.18,1.8,0.3,12,0.35,0.9,232,56.9,182.96,2.03,60.99,1.137,0.789,51.7,4,0.098
2026-07-02 16:58:49,M5_sweep_wick_tr8_pv8_lv60_mb0.1_xb1.8_br0.45_fw12_sl0.6_rr0.9,M5,sweep,wick,8,8,60,0.1,1.8,0.45,12,0.6,0.9,28,60.7,21.2,0.24,7.07,1.136,0.757,62.5,3,0.065
2026-07-02 16:58:49,M5_sweep_wick_tr8_pv8_lv60_mb0.18_xb1.8_br0.45_fw12_sl0.6_rr0.9,M5,sweep,wick,8,8,60,0.18,1.8,0.45,12,0.6,0.9,28,60.7,21.2,0.24,7.07,1.136,0.757,62.5,3,0.065
2026-07-02 16:58:49,M5_sweep_wick_tr12_pv8_lv60_mb0.1_xb1.8_br0.45_fw12_sl0.6_rr0.9,M5,sweep,wick,12,8,60,0.1,1.8,0.45,12,0.6,0.9,28,60.7,21.2,0.24,7.07,1.136,0.757,62.5,3,0.065
2026-07-02 16:58:49,M5_sweep_wick_tr12_pv8_lv60_mb0.18_xb1.8_br0.45_fw12_sl0.6_rr0.9,M5,sweep,wick,12,8,60,0.18,1.8,0.45,12,0.6,0.9,28,60.7,21.2,0.24,7.07,1.136,0.757,62.5,3,0.065
2026-07-02 16:58:49,M5_sweep_or_round_body_tr8_pv8_lv60_mb0.18_xb1.8_br0.3_fw12_sl0.35_rr1.2,M5,sweep_or_round,body,8,8,60,0.18,1.8,0.3,12,0.35,1.2,281,47.7,232.18,2.58,77.39,1.135,0.826,49.5,6,0.095
2026-07-02 16:58:49,M5_sweep_body_tr8_pv8_lv60_mb0.1_xb1.8_br0.3_fw12_sl0.6_rr0.9,M5,sweep,body,8,8,60,0.1,1.8,0.3,12,0.6,0.9,59,59.3,39.26,0.44,13.09,1.135,0.665,55.6,7,0.07
2026-07-02 16:58:49,M5_sweep_body_tr8_pv8_lv60_mb0.18_xb1.8_br0.3_fw12_sl0.6_rr0.9,M5,sweep,body,8,8,60,0.18,1.8,0.3,12,0.6,0.9,59,59.3,39.26,0.44,13.09,1.135,0.665,55.6,7,0.07
2026-07-02 16:58:49,M5_sweep_or_round_body_tr8_pv8_lv60_mb0.18_xb1.8_br0.3_fw12_sl0.6_rr1.2,M5,sweep_or_round,body,8,8,60,0.18,1.8,0.3,12,0.6,1.2,281,48.0,267.81,2.98,89.27,1.134,0.953,54.9,4,0.095
2026-07-02 16:58:49,M5_sweep_or_round_wick_tr12_pv8_lv60_mb0.1_xb1.8_br0.45_fw12_sl0.35_rr0.9,M5,sweep_or_round,wick,12,8,60,0.1,1.8,0.45,12,0.35,0.9,210,56.7,166.01,1.84,55.34,1.134,0.791,54.5,4,0.094
2026-07-02 16:58:49,M5_sweep_or_round_wick_tr12_pv8_lv60_mb0.18_xb1.8_br0.45_fw12_sl0.35_rr0.9,M5,sweep_or_round,wick,12,8,60,0.18,1.8,0.45,12,0.35,0.9,210,56.7,166.01,1.84,55.34,1.134,0.791,54.5,4,0.094
2026-07-02 16:58:49,M15_sweep_or_round_wick_tr12_pv8_lv60_mb0.1_xb1.8_br0.45_fw12_sl0.35_rr1.2,M15,sweep_or_round,wick,12,8,60,0.1,1.8,0.45,12,0.35,1.2,101,45.5,129.24,1.44,43.08,1.133,1.28,44.1,6,0.063
2026-07-02 16:58:49,M15_sweep_or_round_wick_tr12_pv8_lv60_mb0.18_xb1.8_br0.45_fw12_sl0.35_rr1.2,M15,sweep_or_round,wick,12,8,60,0.18,1.8,0.45,12,0.35,1.2,101,45.5,129.24,1.44,43.08,1.133,1.28,44.1,6,0.063
2026-07-02 16:58:49,M5_sweep_or_round_wick_tr8_pv8_lv60_mb0.1_xb1.8_br0.3_fw12_sl0.6_rr1.2,M5,sweep_or_round,wick,8,8,60,0.1,1.8,0.3,12,0.6,1.2,221,50.2,228.64,2.54,76.21,1.132,1.035,52.8,7,0.097
2026-07-02 16:58:49,M5_sweep_or_round_wick_tr8_pv8_lv60_mb0.18_xb1.8_br0.3_fw12_sl0.6_rr1.2,M5,sweep_or_round,wick,8,8,60,0.18,1.8,0.3,12,0.6,1.2,221,50.2,228.64,2.54,76.21,1.132,1.035,52.8,7,0.097
2026-07-02 16:58:49,M15_sweep_or_round_wick_tr8_pv8_lv60_mb0.1_xb1.8_br0.45_fw12_sl0.35_rr1.2,M15,sweep_or_round,wick,8,8,60,0.1,1.8,0.45,12,0.35,1.2,95,45.3,122.79,1.36,40.93,1.132,1.293,44.4,6,0.063
2026-07-02 16:58:49,M15_sweep_or_round_wick_tr8_pv8_lv60_mb0.18_xb1.8_br0.45_fw12_sl0.35_rr1.2,M15,sweep_or_round,wick,8,8,60,0.18,1.8,0.45,12,0.35,1.2,95,45.3,122.79,1.36,40.93,1.132,1.293,44.4,6,0.063
2026-07-02 16:58:49,M5_sweep_or_round_wick_tr8_pv8_lv60_mb0.1_xb1.8_br0.3_fw12_sl0.35_rr0.9,M5,sweep_or_round,wick,8,8,60,0.1,1.8,0.3,12,0.35,0.9,221,56.6,168.12,1.87,56.04,1.13,0.761,51.7,4,0.093
2026-07-02 16:58:49,M5_sweep_or_round_wick_tr8_pv8_lv60_mb0.18_xb1.8_br0.3_fw12_sl0.35_rr0.9,M5,sweep_or_round,wick,8,8,60,0.18,1.8,0.3,12,0.35,0.9,221,56.6,168.12,1.87,56.04,1.13,0.761,51.7,4,0.093
2026-07-02 16:58:49,M5_sweep_or_round_body_tr8_pv8_lv60_mb0.1_xb1.8_br0.3_fw12_sl0.35_rr1.2,M5,sweep_or_round,body,8,8,60,0.1,1.8,0.3,12,0.35,1.2,282,47.5,224.72,2.5,74.91,1.13,0.797,49.5,6,0.091
2026-07-02 16:58:49,M5_sweep_or_round_body_tr8_pv8_lv60_mb0.1_xb1.8_br0.3_fw12_sl0.6_rr1.2,M5,sweep_or_round,body,8,8,60,0.1,1.8,0.3,12,0.6,1.2,282,47.9,257.91,2.87,85.97,1.128,0.915,54.9,4,0.091
2026-07-02 16:58:49,M5_sweep_or_round_wick_tr8_pv8_lv60_mb0.1_xb1.8_br0.45_fw12_sl0.35_rr0.9,M5,sweep_or_round,wick,8,8,60,0.1,1.8,0.45,12,0.35,0.9,199,56.3,151.17,1.68,50.39,1.127,0.76,57.0,3,0.09
2026-07-02 16:58:49,M5_sweep_or_round_wick_tr8_pv8_lv60_mb0.18_xb1.8_br0.45_fw12_sl0.35_rr0.9,M5,sweep_or_round,wick,8,8,60,0.18,1.8,0.45,12,0.35,0.9,199,56.3,151.17,1.68,50.39,1.127,0.76,57.0,3,0.09
2026-07-02 16:58:49,M15_near_body_tr8_pv8_lv60_mb0.1_xb1.8_br0.3_fw12_sl0.6_rr0.9,M15,near,body,8,8,60,0.1,1.8,0.3,12,0.6,0.9,28,57.1,26.71,0.3,8.9,1.126,0.954,50.0,3,0.067
2026-07-02 16:58:49,M15_near_body_tr8_pv8_lv60_mb0.18_xb1.8_br0.3_fw12_sl0.6_rr0.9,M15,near,body,8,8,60,0.18,1.8,0.3,12,0.6,0.9,28,57.1,26.71,0.3,8.9,1.126,0.954,50.0,3,0.067
2026-07-02 16:58:49,M15_sweep_or_round_wick_tr8_pv8_lv60_mb0.1_xb1.8_br0.45_fw12_sl0.35_rr0.9,M15,sweep_or_round,wick,8,8,60,0.1,1.8,0.45,12,0.35,0.9,95,52.6,99.93,1.11,33.31,1.124,1.052,44.4,9,0.061
2026-07-02 16:58:49,M15_sweep_or_round_wick_tr8_pv8_lv60_mb0.18_xb1.8_br0.45_fw12_sl0.35_rr0.9,M15,sweep_or_round,wick,8,8,60,0.18,1.8,0.45,12,0.35,0.9,95,52.6,99.93,1.11,33.31,1.124,1.052,44.4,9,0.061
2026-07-02 16:58:49,M5_sweep_wick_tr8_pv8_lv60_mb0.1_xb1.8_br0.45_fw12_sl0.6_rr1.2,M5,sweep,wick,8,8,60,0.1,1.8,0.45,12,0.6,1.2,28,53.6,22.08,0.25,7.36,1.121,0.789,54.2,3,0.055
2026-07-02 16:58:49,M5_sweep_wick_tr8_pv8_lv60_mb0.18_xb1.8_br0.45_fw12_sl0.6_rr1.2,M5,sweep,wick,8,8,60,0.18,1.8,0.45,12,0.6,1.2,28,53.6,22.08,0.25,7.36,1.121,0.789,54.2,3,0.055
2026-07-02 16:58:49,M5_sweep_wick_tr12_pv8_lv60_mb0.1_xb1.8_br0.45_fw12_sl0.6_rr1.2,M5,sweep,wick,12,8,60,0.1,1.8,0.45,12,0.6,1.2,28,53.6,22.08,0.25,7.36,1.121,0.789,54.2,3,0.055
2026-07-02 16:58:49,M5_sweep_wick_tr12_pv8_lv60_mb0.18_xb1.8_br0.45_fw12_sl0.6_rr1.2,M5,sweep,wick,12,8,60,0.18,1.8,0.45,12,0.6,1.2,28,53.6,22.08,0.25,7.36,1.121,0.789,54.2,3,0.055
2026-07-02 16:58:49,M5_sweep_or_round_wick_tr8_pv8_lv60_mb0.1_xb1.8_br0.3_fw12_sl0.35_rr1.2,M5,sweep_or_round,wick,8,8,60,0.1,1.8,0.3,12,0.35,1.2,221,49.3,181.06,2.01,60.35,1.119,0.819,48.3,4,0.089
2026-07-02 16:58:49,M5_sweep_or_round_wick_tr8_pv8_lv60_mb0.18_xb1.8_br0.3_fw12_sl0.35_rr1.2,M5,sweep_or_round,wick,8,8,60,0.18,1.8,0.3,12,0.35,1.2,221,49.3,181.06,2.01,60.35,1.119,0.819,48.3,4,0.089
2026-07-02 16:58:49,M15_sweep_or_round_wick_tr12_pv8_lv60_mb0.1_xb1.8_br0.3_fw12_sl0.6_rr0.9,M15,sweep_or_round,wick,12,8,60,0.1,1.8,0.3,12,0.6,0.9,116,54.3,133.02,1.48,44.34,1.119,1.147,44.4,10,0.064
2026-07-02 16:58:49,M15_sweep_or_round_wick_tr12_pv8_lv60_mb0.18_xb1.8_br0.3_fw12_sl0.6_rr0.9,M15,sweep_or_round,wick,12,8,60,0.18,1.8,0.3,12,0.6,0.9,116,54.3,133.02,1.48,44.34,1.119,1.147,44.4,10,0.064
2026-07-02 16:58:49,M15_sweep_or_round_wick_tr8_pv8_lv60_mb0.1_xb1.8_br0.3_fw12_sl0.35_rr1.2,M15,sweep_or_round,wick,8,8,60,0.1,1.8,0.3,12,0.35,1.2,108,46.3,122.21,1.36,40.74,1.114,1.132,46.4,6,0.057
2026-07-02 16:58:49,M15_sweep_or_round_wick_tr8_pv8_lv60_mb0.18_xb1.8_br0.3_fw12_sl0.35_rr1.2,M15,sweep_or_round,wick,8,8,60,0.18,1.8,0.3,12,0.35,1.2,108,46.3,122.21,1.36,40.74,1.114,1.132,46.4,6,0.057
2026-07-02 16:58:49,M15_sweep_or_round_body_tr8_pv8_lv60_mb0.1_xb1.8_br0.45_fw12_sl0.35_rr1.2,M15,sweep_or_round,body,8,8,60,0.1,1.8,0.45,12,0.35,1.2,107,45.8,113.46,1.26,37.82,1.112,1.06,44.1,6,0.054
2026-07-02 16:58:49,M15_sweep_or_round_body_tr8_pv8_lv60_mb0.18_xb1.8_br0.45_fw12_sl0.35_rr1.2,M15,sweep_or_round,body,8,8,60,0.18,1.8,0.45,12,0.35,1.2,107,45.8,113.46,1.26,37.82,1.112,1.06,44.1,6,0.054
2026-07-02 16:58:49,M5_sweep_body_tr8_pv8_lv60_mb0.1_xb1.8_br0.3_fw12_sl0.6_rr1.2,M5,sweep,body,8,8,60,0.1,1.8,0.3,12,0.6,1.2,59,50.8,38.46,0.43,12.82,1.112,0.652,50.0,5,0.054
2026-07-02 16:58:49,M5_sweep_body_tr8_pv8_lv60_mb0.18_xb1.8_br0.3_fw12_sl0.6_rr1.2,M5,sweep,body,8,8,60,0.18,1.8,0.3,12,0.6,1.2,59,50.8,38.46,0.43,12.82,1.112,0.652,50.0,5,0.054
2026-07-02 16:58:49,M15_sweep_or_round_body_tr12_pv8_lv60_mb0.1_xb1.8_br0.45_fw12_sl0.35_rr1.2,M15,sweep_or_round,body,12,8,60,0.1,1.8,0.45,12,0.35,1.2,115,46.1,118.65,1.32,39.55,1.112,1.032,43.1,6,0.053
2026-07-02 16:58:49,M15_sweep_or_round_body_tr12_pv8_lv60_mb0.18_xb1.8_br0.45_fw12_sl0.35_rr1.2,M15,sweep_or_round,body,12,8,60,0.18,1.8,0.45,12,0.35,1.2,115,46.1,118.65,1.32,39.55,1.112,1.032,43.1,6,0.053
2026-07-02 16:58:49,M15_sweep_or_round_body_tr8_pv8_lv60_mb0.1_xb1.8_br0.45_fw12_sl0.6_rr0.9,M15,sweep_or_round,body,8,8,60,0.1,1.8,0.45,12,0.6,0.9,107,54.2,108.93,1.21,36.31,1.108,1.018,46.2,8,0.055
2026-07-02 16:58:49,M15_sweep_or_round_body_tr8_pv8_lv60_mb0.18_xb1.8_br0.45_fw12_sl0.6_rr0.9,M15,sweep_or_round,body,8,8,60,0.18,1.8,0.45,12,0.6,0.9,107,54.2,108.93,1.21,36.31,1.108,1.018,46.2,8,0.055
2026-07-02 16:58:49,M15_sweep_or_round_body_tr8_pv8_lv60_mb0.1_xb1.8_br0.3_fw12_sl0.6_rr1.2,M15,sweep_or_round,body,8,8,60,0.1,1.8,0.3,12,0.6,1.2,127,47.2,140.72,1.56,46.91,1.104,1.108,47.2,5,0.056
2026-07-02 16:58:49,M15_sweep_or_round_body_tr8_pv8_lv60_mb0.18_xb1.8_br0.3_fw12_sl0.6_rr1.2,M15,sweep_or_round,body,8,8,60,0.18,1.8,0.3,12,0.6,1.2,127,47.2,140.72,1.56,46.91,1.104,1.108,47.2,5,0.056
2026-07-02 16:58:49,M15_sweep_or_round_wick_tr8_pv8_lv60_mb0.1_xb1.8_br0.45_fw12_sl0.6_rr0.9,M15,sweep_or_round,wick,8,8,60,0.1,1.8,0.45,12,0.6,0.9,95,52.6,93.88,1.04,31.29,1.1,0.988,45.9,9,0.051
2026-07-02 16:58:49,M15_sweep_or_round_wick_tr8_pv8_lv60_mb0.18_xb1.8_br0.45_fw12_sl0.6_rr0.9,M15,sweep_or_round,wick,8,8,60,0.18,1.8,0.45,12,0.6,0.9,95,52.6,93.88,1.04,31.29,1.1,0.988,45.9,9,0.051
2026-07-02 16:58:49,M15_sweep_or_round_body_tr12_pv8_lv60_mb0.1_xb1.8_br0.3_fw12_sl0.35_rr1.2,M15,sweep_or_round,body,12,8,60,0.1,1.8,0.3,12,0.35,1.2,136,47.1,117.8,1.31,39.27,1.095,0.866,46.8,7,0.05
2026-07-02 16:58:49,M15_sweep_or_round_body_tr12_pv8_lv60_mb0.18_xb1.8_br0.3_fw12_sl0.35_rr1.2,M15,sweep_or_round,body,12,8,60,0.18,1.8,0.3,12,0.35,1.2,136,47.1,117.8,1.31,39.27,1.095,0.866,46.8,7,0.05
2026-07-02 16:58:49,M15_sweep_or_round_body_tr12_pv8_lv60_mb0.1_xb1.8_br0.45_fw12_sl0.6_rr0.9,M15,sweep_or_round,body,12,8,60,0.1,1.8,0.45,12,0.6,0.9,115,53.9,99.46,1.11,33.15,1.093,0.865,44.9,8,0.047
2026-07-02 16:58:49,M15_sweep_or_round_body_tr12_pv8_lv60_mb0.18_xb1.8_br0.45_fw12_sl0.6_rr0.9,M15,sweep_or_round,body,12,8,60,0.18,1.8,0.45,12,0.6,0.9,115,53.9,99.46,1.11,33.15,1.093,0.865,44.9,8,0.047
2026-07-02 16:58:49,M15_sweep_or_round_wick_tr12_pv8_lv60_mb0.1_xb1.8_br0.45_fw12_sl0.6_rr0.9,M15,sweep_or_round,wick,12,8,60,0.1,1.8,0.45,12,0.6,0.9,101,52.5,89.57,1.0,29.86,1.091,0.887,45.5,9,0.046
2026-07-02 16:58:49,M15_sweep_or_round_wick_tr12_pv8_lv60_mb0.18_xb1.8_br0.45_fw12_sl0.6_rr0.9,M15,sweep_or_round,wick,12,8,60,0.18,1.8,0.45,12,0.6,0.9,101,52.5,89.57,1.0,29.86,1.091,0.887,45.5,9,0.046
2026-07-02 16:58:49,M15_sweep_or_round_body_tr8_pv8_lv60_mb0.1_xb1.8_br0.3_fw12_sl0.35_rr0.9,M15,sweep_or_round,body,8,8,60,0.1,1.8,0.3,12,0.35,0.9,127,55.9,88.54,0.98,29.51,1.087,0.697,50.7,7,0.044
2026-07-02 16:58:49,M15_sweep_or_round_body_tr8_pv8_lv60_mb0.18_xb1.8_br0.3_fw12_sl0.35_rr0.9,M15,sweep_or_round,body,8,8,60,0.18,1.8,0.3,12,0.35,0.9,127,55.9,88.54,0.98,29.51,1.087,0.697,50.7,7,0.044
2026-07-02 16:58:49,M15_near_body_tr8_pv8_lv60_mb0.1_xb1.8_br0.45_fw12_sl0.35_rr1.2,M15,near,body,8,8,60,0.1,1.8,0.45,12,0.35,1.2,23,47.8,15.7,0.17,5.23,1.085,0.683,47.4,3,0.043
2026-07-02 16:58:49,M15_near_body_tr8_pv8_lv60_mb0.18_xb1.8_br0.45_fw12_sl0.35_rr1.2,M15,near,body,8,8,60,0.18,1.8,0.45,12,0.35,1.2,23,47.8,15.7,0.17,5.23,1.085,0.683,47.4,3,0.043
2026-07-02 16:58:49,M5_sweep_body_tr8_pv8_lv60_mb0.1_xb1.8_br0.3_fw12_sl0.35_rr1.2,M5,sweep,body,8,8,60,0.1,1.8,0.3,12,0.35,1.2,59,50.8,25.02,0.28,8.34,1.084,0.424,52.2,7,0.046
2026-07-02 16:58:49,M5_sweep_body_tr8_pv8_lv60_mb0.18_xb1.8_br0.3_fw12_sl0.35_rr1.2,M5,sweep,body,8,8,60,0.18,1.8,0.3,12,0.35,1.2,59,50.8,25.02,0.28,8.34,1.084,0.424,52.2,7,0.046
2026-07-02 16:58:49,M5_sweep_wick_tr8_pv8_lv60_mb0.1_xb1.8_br0.3_fw12_sl0.6_rr1.2,M5,sweep,wick,8,8,60,0.1,1.8,0.3,12,0.6,1.2,33,51.5,18.29,0.2,6.1,1.08,0.554,51.7,4,0.036
2026-07-02 16:58:49,M5_sweep_wick_tr8_pv8_lv60_mb0.18_xb1.8_br0.3_fw12_sl0.6_rr1.2,M5,sweep,wick,8,8,60,0.18,1.8,0.3,12,0.6,1.2,33,51.5,18.29,0.2,6.1,1.08,0.554,51.7,4,0.036
2026-07-02 16:58:49,M5_sweep_wick_tr12_pv8_lv60_mb0.1_xb1.8_br0.3_fw12_sl0.6_rr1.2,M5,sweep,wick,12,8,60,0.1,1.8,0.3,12,0.6,1.2,33,51.5,18.29,0.2,6.1,1.08,0.554,51.7,4,0.036
2026-07-02 16:58:49,M5_sweep_wick_tr12_pv8_lv60_mb0.18_xb1.8_br0.3_fw12_sl0.6_rr1.2,M5,sweep,wick,12,8,60,0.18,1.8,0.3,12,0.6,1.2,33,51.5,18.29,0.2,6.1,1.08,0.554,51.7,4,0.036
2026-07-02 16:58:49,M15_sweep_or_round_wick_tr8_pv8_lv60_mb0.1_xb1.8_br0.3_fw12_sl0.6_rr0.9,M15,sweep_or_round,wick,8,8,60,0.1,1.8,0.3,12,0.6,0.9,108,53.7,81.54,0.91,27.18,1.076,0.755,44.8,10,0.041
2026-07-02 16:58:49,M15_sweep_or_round_wick_tr8_pv8_lv60_mb0.18_xb1.8_br0.3_fw12_sl0.6_rr0.9,M15,sweep_or_round,wick,8,8,60,0.18,1.8,0.3,12,0.6,0.9,108,53.7,81.54,0.91,27.18,1.076,0.755,44.8,10,0.041
2026-07-02 16:58:49,M15_sweep_or_round_wick_tr8_pv8_lv60_mb0.1_xb1.8_br0.3_fw12_sl0.35_rr0.9,M15,sweep_or_round,wick,8,8,60,0.1,1.8,0.3,12,0.35,0.9,108,52.8,65.48,0.73,21.83,1.07,0.606,44.3,10,0.036
2026-07-02 16:58:49,M15_sweep_or_round_wick_tr8_pv8_lv60_mb0.18_xb1.8_br0.3_fw12_sl0.35_rr0.9,M15,sweep_or_round,wick,8,8,60,0.18,1.8,0.3,12,0.35,0.9,108,52.8,65.48,0.73,21.83,1.07,0.606,44.3,10,0.036
2026-07-02 16:58:49,M15_near_body_tr12_pv8_lv60_mb0.1_xb1.8_br0.3_fw12_sl0.6_rr0.9,M15,near,body,12,8,60,0.1,1.8,0.3,12,0.6,0.9,29,55.2,13.55,0.15,4.52,1.06,0.467,47.8,3,0.033
2026-07-02 16:58:49,M15_near_body_tr12_pv8_lv60_mb0.18_xb1.8_br0.3_fw12_sl0.6_rr0.9,M15,near,body,12,8,60,0.18,1.8,0.3,12,0.6,0.9,29,55.2,13.55,0.15,4.52,1.06,0.467,47.8,3,0.033
2026-07-02 16:58:49,M15_sweep_or_round_body_tr12_pv8_lv60_mb0.1_xb1.8_br0.3_fw12_sl0.6_rr0.9,M15,sweep_or_round,body,12,8,60,0.1,1.8,0.3,12,0.6,0.9,136,54.4,74.46,0.83,24.82,1.059,0.548,45.2,10,0.034
2026-07-02 16:58:49,M15_sweep_or_round_body_tr12_pv8_lv60_mb0.18_xb1.8_br0.3_fw12_sl0.6_rr0.9,M15,sweep_or_round,body,12,8,60,0.18,1.8,0.3,12,0.6,0.9,136,54.4,74.46,0.83,24.82,1.059,0.548,45.2,10,0.034
2026-07-02 16:58:49,M15_near_body_tr8_pv8_lv60_mb0.1_xb1.8_br0.45_fw12_sl0.6_rr1.2,M15,near,body,8,8,60,0.1,1.8,0.45,12,0.6,1.2,23,47.8,12.38,0.14,4.13,1.057,0.538,47.4,2,0.029
2026-07-02 16:58:49,M15_near_body_tr8_pv8_lv60_mb0.18_xb1.8_br0.45_fw12_sl0.6_rr1.2,M15,near,body,8,8,60,0.18,1.8,0.45,12,0.6,1.2,23,47.8,12.38,0.14,4.13,1.057,0.538,47.4,2,0.029
2026-07-02 16:58:49,M5_sweep_body_tr12_pv8_lv60_mb0.1_xb1.8_br0.3_fw12_sl0.35_rr1.2,M5,sweep,body,12,8,60,0.1,1.8,0.3,12,0.35,1.2,60,50.0,16.18,0.18,5.39,1.053,0.27,52.2,7,0.029
2026-07-02 16:58:49,M5_sweep_body_tr12_pv8_lv60_mb0.18_xb1.8_br0.3_fw12_sl0.35_rr1.2,M5,sweep,body,12,8,60,0.18,1.8,0.3,12,0.35,1.2,60,50.0,16.18,0.18,5.39,1.053,0.27,52.2,7,0.029
2026-07-02 16:58:49,M5_near_body_tr12_pv8_lv60_mb0.1_xb1.8_br0.3_fw12_sl0.6_rr1.2,M5,near,body,12,8,60,0.1,1.8,0.3,12,0.6,1.2,79,46.8,22.97,0.26,7.66,1.046,0.291,47.5,5,0.023
2026-07-02 16:58:49,M5_near_body_tr12_pv8_lv60_mb0.18_xb1.8_br0.3_fw12_sl0.6_rr1.2,M5,near,body,12,8,60,0.18,1.8,0.3,12,0.6,1.2,79,46.8,22.97,0.26,7.66,1.046,0.291,47.5,5,0.023
2026-07-02 16:58:49,M15_sweep_body_tr8_pv8_lv60_mb0.1_xb1.8_br0.45_fw12_sl0.6_rr0.9,M15,sweep,body,8,8,60,0.1,1.8,0.45,12,0.6,0.9,15,60.0,4.59,0.05,1.53,1.034,0.306,64.3,2,0.015
2026-07-02 16:58:49,M15_sweep_body_tr8_pv8_lv60_mb0.18_xb1.8_br0.45_fw12_sl0.6_rr0.9,M15,sweep,body,8,8,60,0.18,1.8,0.45,12,0.6,0.9,15,60.0,4.59,0.05,1.53,1.034,0.306,64.3,2,0.015
2026-07-02 16:58:49,M15_sweep_body_tr12_pv8_lv60_mb0.1_xb1.8_br0.45_fw12_sl0.6_rr0.9,M15,sweep,body,12,8,60,0.1,1.8,0.45,12,0.6,0.9,15,60.0,4.59,0.05,1.53,1.034,0.306,64.3,2,0.015
2026-07-02 16:58:49,M15_sweep_body_tr12_pv8_lv60_mb0.18_xb1.8_br0.45_fw12_sl0.6_rr0.9,M15,sweep,body,12,8,60,0.18,1.8,0.45,12,0.6,0.9,15,60.0,4.59,0.05,1.53,1.034,0.306,64.3,2,0.015
2026-07-02 16:58:49,M5_sweep_body_tr8_pv8_lv60_mb0.1_xb1.8_br0.3_fw12_sl0.35_rr0.9,M5,sweep,body,8,8,60,0.1,1.8,0.3,12,0.35,0.9,59,59.3,8.38,0.09,2.79,1.032,0.142,53.3,6,0.018
2026-07-02 16:58:49,M5_sweep_body_tr8_pv8_lv60_mb0.18_xb1.8_br0.3_fw12_sl0.35_rr0.9,M5,sweep,body,8,8,60,0.18,1.8,0.3,12,0.35,0.9,59,59.3,8.38,0.09,2.79,1.032,0.142,53.3,6,0.018
2026-07-02 16:58:49,M15_sweep_or_round_body_tr8_pv8_lv60_mb0.1_xb1.8_br0.3_fw12_sl0.35_rr1.2,M15,sweep_or_round,body,8,8,60,0.1,1.8,0.3,12,0.35,1.2,127,45.7,37.66,0.42,12.55,1.031,0.297,45.3,7,0.016
2026-07-02 16:58:49,M15_sweep_or_round_body_tr8_pv8_lv60_mb0.18_xb1.8_br0.3_fw12_sl0.35_rr1.2,M15,sweep_or_round,body,8,8,60,0.18,1.8,0.3,12,0.35,1.2,127,45.7,37.66,0.42,12.55,1.031,0.297,45.3,7,0.016
2026-07-02 16:58:49,M15_near_body_tr12_pv8_lv60_mb0.1_xb1.8_br0.45_fw12_sl0.35_rr1.2,M15,near,body,12,8,60,0.1,1.8,0.45,12,0.35,1.2,24,45.8,4.59,0.05,1.53,1.023,0.191,45.0,3,0.012
2026-07-02 16:58:49,M15_near_body_tr12_pv8_lv60_mb0.18_xb1.8_br0.45_fw12_sl0.35_rr1.2,M15,near,body,12,8,60,0.18,1.8,0.45,12,0.35,1.2,24,45.8,4.59,0.05,1.53,1.023,0.191,45.0,3,0.012
2026-07-02 16:58:49,M5_sweep_wick_tr8_pv8_lv60_mb0.1_xb1.8_br0.3_fw12_sl0.35_rr1.2,M5,sweep,wick,8,8,60,0.1,1.8,0.3,12,0.35,1.2,33,48.5,4.55,0.05,1.52,1.022,0.138,51.7,7,0.011
2026-07-02 16:58:49,M5_sweep_wick_tr8_pv8_lv60_mb0.18_xb1.8_br0.3_fw12_sl0.35_rr1.2,M5,sweep,wick,8,8,60,0.18,1.8,0.3,12,0.35,1.2,33,48.5,4.55,0.05,1.52,1.022,0.138,51.7,7,0.011
2026-07-02 16:58:49,M5_sweep_wick_tr12_pv8_lv60_mb0.1_xb1.8_br0.3_fw12_sl0.35_rr1.2,M5,sweep,wick,12,8,60,0.1,1.8,0.3,12,0.35,1.2,33,48.5,4.55,0.05,1.52,1.022,0.138,51.7,7,0.011
2026-07-02 16:58:49,M5_sweep_wick_tr12_pv8_lv60_mb0.18_xb1.8_br0.3_fw12_sl0.35_rr1.2,M5,sweep,wick,12,8,60,0.18,1.8,0.3,12,0.35,1.2,33,48.5,4.55,0.05,1.52,1.022,0.138,51.7,7,0.011
2026-07-02 16:58:49,M15_sweep_or_round_body_tr8_pv8_lv60_mb0.1_xb1.8_br0.3_fw12_sl0.6_rr0.9,M15,sweep_or_round,body,8,8,60,0.1,1.8,0.3,12,0.6,0.9,127,53.5,13.34,0.15,4.45,1.011,0.105,45.1,10,0.006
2026-07-02 16:58:49,M15_sweep_or_round_body_tr8_pv8_lv60_mb0.18_xb1.8_br0.3_fw12_sl0.6_rr0.9,M15,sweep_or_round,body,8,8,60,0.18,1.8,0.3,12,0.6,0.9,127,53.5,13.34,0.15,4.45,1.011,0.105,45.1,10,0.006
2026-07-02 16:58:49,M5_near_body_tr8_pv8_lv60_mb0.1_xb1.8_br0.3_fw12_sl0.6_rr1.2,M5,near,body,8,8,60,0.1,1.8,0.3,12,0.6,1.2,77,45.5,3.66,0.04,1.22,1.007,0.048,47.5,5,0.004
2026-07-02 16:58:49,M5_near_body_tr8_pv8_lv60_mb0.18_xb1.8_br0.3_fw12_sl0.6_rr1.2,M5,near,body,8,8,60,0.18,1.8,0.3,12,0.6,1.2,77,45.5,3.66,0.04,1.22,1.007,0.048,47.5,5,0.004
2026-07-02 16:58:49,M5_sweep_body_tr12_pv8_lv60_mb0.1_xb1.8_br0.3_fw12_sl0.35_rr0.9,M5,sweep,body,12,8,60,0.1,1.8,0.3,12,0.35,0.9,60,58.3,-0.46,-0.01,-0.15,0.998,-0.008,53.3,6,-0.001
2026-07-02 16:58:49,M5_sweep_body_tr12_pv8_lv60_mb0.18_xb1.8_br0.3_fw12_sl0.35_rr0.9,M5,sweep,body,12,8,60,0.18,1.8,0.3,12,0.35,0.9,60,58.3,-0.46,-0.01,-0.15,0.998,-0.008,53.3,6,-0.001
2026-07-02 16:58:49,M5_sweep_body_tr8_pv8_lv60_mb0.1_xb1.8_br0.45_fw12_sl0.6_rr1.2,M5,sweep,body,8,8,60,0.1,1.8,0.45,12,0.6,1.2,44,47.7,-0.7,-0.01,-0.23,0.997,-0.016,47.2,5,-0.001
2026-07-02 16:58:49,M5_sweep_body_tr8_pv8_lv60_mb0.18_xb1.8_br0.45_fw12_sl0.6_rr1.2,M5,sweep,body,8,8,60,0.18,1.8,0.45,12,0.6,1.2,44,47.7,-0.7,-0.01,-0.23,0.997,-0.016,47.2,5,-0.001
2026-07-02 16:58:49,M5_sweep_body_tr12_pv8_lv60_mb0.1_xb1.8_br0.45_fw12_sl0.6_rr1.2,M5,sweep,body,12,8,60,0.1,1.8,0.45,12,0.6,1.2,44,47.7,-0.7,-0.01,-0.23,0.997,-0.016,47.2,5,-0.001
2026-07-02 16:58:49,M5_sweep_body_tr12_pv8_lv60_mb0.18_xb1.8_br0.45_fw12_sl0.6_rr1.2,M5,sweep,body,12,8,60,0.18,1.8,0.45,12,0.6,1.2,44,47.7,-0.7,-0.01,-0.23,0.997,-0.016,47.2,5,-0.001
2026-07-02 16:58:49,M15_near_body_tr12_pv8_lv60_mb0.1_xb1.8_br0.45_fw12_sl0.6_rr1.2,M15,near,body,12,8,60,0.1,1.8,0.45,12,0.6,1.2,24,45.8,-0.78,-0.01,-0.26,0.997,-0.032,45.0,3,-0.002
2026-07-02 16:58:49,M15_near_body_tr12_pv8_lv60_mb0.18_xb1.8_br0.45_fw12_sl0.6_rr1.2,M15,near,body,12,8,60,0.18,1.8,0.45,12,0.6,1.2,24,45.8,-0.78,-0.01,-0.26,0.997,-0.032,45.0,3,-0.002
2026-07-02 16:58:49,M15_near_wick_tr8_pv8_lv60_mb0.1_xb1.8_br0.3_fw12_sl0.6_rr1.2,M15,near,wick,8,8,60,0.1,1.8,0.3,12,0.6,1.2,17,47.1,-0.51,-0.01,-0.17,0.997,-0.03,46.7,2,-0.002
2026-07-02 16:58:49,M15_near_wick_tr8_pv8_lv60_mb0.18_xb1.8_br0.3_fw12_sl0.6_rr1.2,M15,near,wick,8,8,60,0.18,1.8,0.3,12,0.6,1.2,17,47.1,-0.51,-0.01,-0.17,0.997,-0.03,46.7,2,-0.002
2026-07-02 16:58:49,M5_near_body_tr12_pv8_lv60_mb0.1_xb1.8_br0.3_fw12_sl0.6_rr0.9,M5,near,body,12,8,60,0.1,1.8,0.3,12,0.6,0.9,79,54.4,-2.99,-0.03,-1.0,0.993,-0.038,50.9,4,-0.004
2026-07-02 16:58:49,M5_near_body_tr12_pv8_lv60_mb0.18_xb1.8_br0.3_fw12_sl0.6_rr0.9,M5,near,body,12,8,60,0.18,1.8,0.3,12,0.6,0.9,79,54.4,-2.99,-0.03,-1.0,0.993,-0.038,50.9,4,-0.004
2026-07-02 16:58:49,M5_near_wick_tr8_pv8_lv60_mb0.1_xb1.8_br0.3_fw12_sl0.6_rr1.2,M5,near,wick,8,8,60,0.1,1.8,0.3,12,0.6,1.2,52,48.1,-5.17,-0.06,-1.72,0.986,-0.099,47.7,7,-0.007
2026-07-02 16:58:49,M5_near_wick_tr8_pv8_lv60_mb0.18_xb1.8_br0.3_fw12_sl0.6_rr1.2,M5,near,wick,8,8,60,0.18,1.8,0.3,12,0.6,1.2,52,48.1,-5.17,-0.06,-1.72,0.986,-0.099,47.7,7,-0.007
2026-07-02 16:58:49,M5_near_wick_tr12_pv8_lv60_mb0.1_xb1.8_br0.3_fw12_sl0.6_rr1.2,M5,near,wick,12,8,60,0.1,1.8,0.3,12,0.6,1.2,52,48.1,-5.17,-0.06,-1.72,0.986,-0.099,47.7,7,-0.007
2026-07-02 16:58:49,M5_near_wick_tr12_pv8_lv60_mb0.18_xb1.8_br0.3_fw12_sl0.6_rr1.2,M5,near,wick,12,8,60,0.18,1.8,0.3,12,0.6,1.2,52,48.1,-5.17,-0.06,-1.72,0.986,-0.099,47.7,7,-0.007
2026-07-02 16:58:49,M15_near_wick_tr12_pv8_lv60_mb0.1_xb1.8_br0.45_fw12_sl0.35_rr0.9,M15,near,wick,12,8,60,0.1,1.8,0.45,12,0.35,0.9,16,43.8,-2.82,-0.03,-0.94,0.976,-0.176,40.0,3,-0.013
2026-07-02 16:58:49,M15_near_wick_tr12_pv8_lv60_mb0.18_xb1.8_br0.45_fw12_sl0.35_rr0.9,M15,near,wick,12,8,60,0.18,1.8,0.45,12,0.35,0.9,16,43.8,-2.82,-0.03,-0.94,0.976,-0.176,40.0,3,-0.013
2026-07-02 16:58:49,M5_sweep_body_tr8_pv8_lv60_mb0.1_xb1.8_br0.45_fw12_sl0.6_rr0.9,M5,sweep,body,8,8,60,0.1,1.8,0.45,12,0.6,0.9,44,54.5,-8.66,-0.1,-2.89,0.965,-0.197,50.0,5,-0.019
2026-07-02 16:58:49,M5_sweep_body_tr8_pv8_lv60_mb0.18_xb1.8_br0.45_fw12_sl0.6_rr0.9,M5,sweep,body,8,8,60,0.18,1.8,0.45,12,0.6,0.9,44,54.5,-8.66,-0.1,-2.89,0.965,-0.197,50.0,5,-0.019
2026-07-02 16:58:49,M5_sweep_body_tr12_pv8_lv60_mb0.1_xb1.8_br0.45_fw12_sl0.6_rr0.9,M5,sweep,body,12,8,60,0.1,1.8,0.45,12,0.6,0.9,44,54.5,-8.66,-0.1,-2.89,0.965,-0.197,50.0,5,-0.019
2026-07-02 16:58:49,M5_sweep_body_tr12_pv8_lv60_mb0.18_xb1.8_br0.45_fw12_sl0.6_rr0.9,M5,sweep,body,12,8,60,0.18,1.8,0.45,12,0.6,0.9,44,54.5,-8.66,-0.1,-2.89,0.965,-0.197,50.0,5,-0.019
2026-07-02 16:58:49,M5_near_body_tr8_pv8_lv60_mb0.1_xb1.8_br0.3_fw12_sl0.6_rr0.9,M5,near,body,8,8,60,0.1,1.8,0.3,12,0.6,0.9,77,53.2,-17.37,-0.19,-5.79,0.961,-0.226,50.9,4,-0.021
2026-07-02 16:58:49,M5_near_body_tr8_pv8_lv60_mb0.18_xb1.8_br0.3_fw12_sl0.6_rr0.9,M5,near,body,8,8,60,0.18,1.8,0.3,12,0.6,0.9,77,53.2,-17.37,-0.19,-5.79,0.961,-0.226,50.9,4,-0.021
2026-07-02 16:58:49,M15_near_wick_tr12_pv8_lv60_mb0.1_xb1.8_br0.3_fw12_sl0.35_rr0.9,M15,near,wick,12,8,60,0.1,1.8,0.3,12,0.35,0.9,18,44.4,-5.2,-0.06,-1.73,0.959,-0.289,43.8,3,-0.021
2026-07-02 16:58:49,M15_near_wick_tr12_pv8_lv60_mb0.18_xb1.8_br0.3_fw12_sl0.35_rr0.9,M15,near,wick,12,8,60,0.18,1.8,0.3,12,0.35,0.9,18,44.4,-5.2,-0.06,-1.73,0.959,-0.289,43.8,3,-0.021
2026-07-02 16:58:49,M15_sweep_body_tr8_pv8_lv60_mb0.1_xb1.8_br0.45_fw12_sl0.6_rr1.2,M15,sweep,body,8,8,60,0.1,1.8,0.45,12,0.6,1.2,15,46.7,-7.97,-0.09,-2.66,0.951,-0.531,50.0,2,-0.023
2026-07-02 16:58:49,M15_sweep_body_tr8_pv8_lv60_mb0.18_xb1.8_br0.45_fw12_sl0.6_rr1.2,M15,sweep,body,8,8,60,0.18,1.8,0.45,12,0.6,1.2,15,46.7,-7.97,-0.09,-2.66,0.951,-0.531,50.0,2,-0.023
2026-07-02 16:58:49,M15_sweep_body_tr12_pv8_lv60_mb0.1_xb1.8_br0.45_fw12_sl0.6_rr1.2,M15,sweep,body,12,8,60,0.1,1.8,0.45,12,0.6,1.2,15,46.7,-7.97,-0.09,-2.66,0.951,-0.531,50.0,2,-0.023
2026-07-02 16:58:49,M15_sweep_body_tr12_pv8_lv60_mb0.18_xb1.8_br0.45_fw12_sl0.6_rr1.2,M15,sweep,body,12,8,60,0.18,1.8,0.45,12,0.6,1.2,15,46.7,-7.97,-0.09,-2.66,0.951,-0.531,50.0,2,-0.023
2026-07-02 16:58:49,M5_near_body_tr8_pv8_lv60_mb0.1_xb1.8_br0.45_fw12_sl0.6_rr1.2,M5,near,body,8,8,60,0.1,1.8,0.45,12,0.6,1.2,63,44.4,-27.84,-0.31,-9.28,0.939,-0.442,47.2,4,-0.031
2026-07-02 16:58:49,M5_near_body_tr8_pv8_lv60_mb0.18_xb1.8_br0.45_fw12_sl0.6_rr1.2,M5,near,body,8,8,60,0.18,1.8,0.45,12,0.6,1.2,63,44.4,-27.84,-0.31,-9.28,0.939,-0.442,47.2,4,-0.031
2026-07-02 16:58:49,M5_near_body_tr12_pv8_lv60_mb0.1_xb1.8_br0.45_fw12_sl0.6_rr1.2,M5,near,body,12,8,60,0.1,1.8,0.45,12,0.6,1.2,63,44.4,-27.84,-0.31,-9.28,0.939,-0.442,47.2,4,-0.031
2026-07-02 16:58:49,M5_near_body_tr12_pv8_lv60_mb0.18_xb1.8_br0.45_fw12_sl0.6_rr1.2,M5,near,body,12,8,60,0.18,1.8,0.45,12,0.6,1.2,63,44.4,-27.84,-0.31,-9.28,0.939,-0.442,47.2,4,-0.031
2026-07-02 16:58:49,M5_near_body_tr8_pv8_lv60_mb0.1_xb1.8_br0.3_fw12_sl0.35_rr1.2,M5,near,body,8,8,60,0.1,1.8,0.3,12,0.35,1.2,77,42.9,-29.52,-0.33,-9.84,0.934,-0.383,44.1,5,-0.034
2026-07-02 16:58:49,M5_near_body_tr8_pv8_lv60_mb0.18_xb1.8_br0.3_fw12_sl0.35_rr1.2,M5,near,body,8,8,60,0.18,1.8,0.3,12,0.35,1.2,77,42.9,-29.52,-0.33,-9.84,0.934,-0.383,44.1,5,-0.034
2026-07-02 16:58:49,M5_sweep_wick_tr8_pv8_lv60_mb0.1_xb1.8_br0.3_fw12_sl0.35_rr0.9,M5,sweep,wick,8,8,60,0.1,1.8,0.3,12,0.35,0.9,33,54.5,-12.21,-0.14,-4.07,0.934,-0.37,55.2,5,-0.036
2026-07-02 16:58:49,M5_sweep_wick_tr8_pv8_lv60_mb0.18_xb1.8_br0.3_fw12_sl0.35_rr0.9,M5,sweep,wick,8,8,60,0.18,1.8,0.3,12,0.35,0.9,33,54.5,-12.21,-0.14,-4.07,0.934,-0.37,55.2,5,-0.036
2026-07-02 16:58:49,M5_sweep_wick_tr12_pv8_lv60_mb0.1_xb1.8_br0.3_fw12_sl0.35_rr0.9,M5,sweep,wick,12,8,60,0.1,1.8,0.3,12,0.35,0.9,33,54.5,-12.21,-0.14,-4.07,0.934,-0.37,55.2,5,-0.036
2026-07-02 16:58:49,M5_sweep_wick_tr12_pv8_lv60_mb0.18_xb1.8_br0.3_fw12_sl0.35_rr0.9,M5,sweep,wick,12,8,60,0.18,1.8,0.3,12,0.35,0.9,33,54.5,-12.21,-0.14,-4.07,0.934,-0.37,55.2,5,-0.036
2026-07-02 16:58:49,M5_near_body_tr8_pv8_lv60_mb0.1_xb1.8_br0.3_fw12_sl0.35_rr0.9,M5,near,body,8,8,60,0.1,1.8,0.3,12,0.35,0.9,77,53.2,-27.83,-0.31,-9.28,0.929,-0.361,50.9,5,-0.037
2026-07-02 16:58:49,M5_near_body_tr8_pv8_lv60_mb0.18_xb1.8_br0.3_fw12_sl0.35_rr0.9,M5,near,body,8,8,60,0.18,1.8,0.3,12,0.35,0.9,77,53.2,-27.83,-0.31,-9.28,0.929,-0.361,50.9,5,-0.037
2026-07-02 16:58:49,M5_near_body_tr12_pv8_lv60_mb0.1_xb1.8_br0.3_fw12_sl0.35_rr1.2,M5,near,body,12,8,60,0.1,1.8,0.3,12,0.35,1.2,79,43.0,-32.74,-0.36,-10.91,0.928,-0.414,44.1,5,-0.038
2026-07-02 16:58:49,M5_near_body_tr12_pv8_lv60_mb0.18_xb1.8_br0.3_fw12_sl0.35_rr1.2,M5,near,body,12,8,60,0.18,1.8,0.3,12,0.35,1.2,79,43.0,-32.74,-0.36,-10.91,0.928,-0.414,44.1,5,-0.038
2026-07-02 16:58:49,M15_near_wick_tr12_pv8_lv60_mb0.1_xb1.8_br0.3_fw12_sl0.6_rr1.2,M15,near,wick,12,8,60,0.1,1.8,0.3,12,0.6,1.2,18,44.4,-13.67,-0.15,-4.56,0.921,-0.759,43.8,2,-0.045
2026-07-02 16:58:49,M15_near_wick_tr12_pv8_lv60_mb0.18_xb1.8_br0.3_fw12_sl0.6_rr1.2,M15,near,wick,12,8,60,0.18,1.8,0.3,12,0.6,1.2,18,44.4,-13.67,-0.15,-4.56,0.921,-0.759,43.8,2,-0.045
2026-07-02 16:58:49,M5_near_body_tr12_pv8_lv60_mb0.1_xb1.8_br0.3_fw12_sl0.35_rr0.9,M5,near,body,12,8,60,0.1,1.8,0.3,12,0.35,0.9,79,53.2,-32.5,-0.36,-10.83,0.919,-0.411,50.9,5,-0.044
2026-07-02 16:58:49,M5_near_body_tr12_pv8_lv60_mb0.18_xb1.8_br0.3_fw12_sl0.35_rr0.9,M5,near,body,12,8,60,0.18,1.8,0.3,12,0.35,0.9,79,53.2,-32.5,-0.36,-10.83,0.919,-0.411,50.9,5,-0.044
2026-07-02 16:58:49,M15_near_body_tr8_pv8_lv60_mb0.1_xb1.8_br0.45_fw12_sl0.6_rr0.9,M15,near,body,8,8,60,0.1,1.8,0.45,12,0.6,0.9,23,52.2,-18.4,-0.2,-6.13,0.91,-0.8,47.4,3,-0.05
2026-07-02 16:58:49,M15_near_body_tr8_pv8_lv60_mb0.18_xb1.8_br0.45_fw12_sl0.6_rr0.9,M15,near,body,8,8,60,0.18,1.8,0.45,12,0.6,0.9,23,52.2,-18.4,-0.2,-6.13,0.91,-0.8,47.4,3,-0.05
2026-07-02 16:58:49,M5_sweep_wick_tr8_pv8_lv60_mb0.1_xb1.8_br0.45_fw12_sl0.35_rr1.2,M5,sweep,wick,8,8,60,0.1,1.8,0.45,12,0.35,1.2,28,46.4,-16.57,-0.18,-5.52,0.905,-0.592,50.0,6,-0.053
2026-07-02 16:58:49,M5_sweep_wick_tr8_pv8_lv60_mb0.18_xb1.8_br0.45_fw12_sl0.35_rr1.2,M5,sweep,wick,8,8,60,0.18,1.8,0.45,12,0.35,1.2,28,46.4,-16.57,-0.18,-5.52,0.905,-0.592,50.0,6,-0.053
2026-07-02 16:58:49,M5_sweep_wick_tr12_pv8_lv60_mb0.1_xb1.8_br0.45_fw12_sl0.35_rr1.2,M5,sweep,wick,12,8,60,0.1,1.8,0.45,12,0.35,1.2,28,46.4,-16.57,-0.18,-5.52,0.905,-0.592,50.0,6,-0.053
2026-07-02 16:58:49,M5_sweep_wick_tr12_pv8_lv60_mb0.18_xb1.8_br0.45_fw12_sl0.35_rr1.2,M5,sweep,wick,12,8,60,0.18,1.8,0.45,12,0.35,1.2,28,46.4,-16.57,-0.18,-5.52,0.905,-0.592,50.0,6,-0.053
2026-07-02 16:58:49,M15_near_wick_tr8_pv8_lv60_mb0.1_xb1.8_br0.45_fw12_sl0.35_rr0.9,M15,near,wick,8,8,60,0.1,1.8,0.45,12,0.35,0.9,15,40.0,-12.44,-0.14,-4.15,0.893,-0.829,35.7,3,-0.059
2026-07-02 16:58:49,M15_near_wick_tr8_pv8_lv60_mb0.18_xb1.8_br0.45_fw12_sl0.35_rr0.9,M15,near,wick,8,8,60,0.18,1.8,0.45,12,0.35,0.9,15,40.0,-12.44,-0.14,-4.15,0.893,-0.829,35.7,3,-0.059
2026-07-02 16:58:49,M15_sweep_wick_tr8_pv8_lv60_mb0.1_xb1.8_br0.45_fw12_sl0.35_rr1.2,M15,sweep,wick,8,8,60,0.1,1.8,0.45,12,0.35,1.2,8,50.0,-8.61,-0.1,-2.87,0.885,-1.076,50.0,3,-0.056
2026-07-02 16:58:49,M15_sweep_wick_tr8_pv8_lv60_mb0.18_xb1.8_br0.45_fw12_sl0.35_rr1.2,M15,sweep,wick,8,8,60,0.18,1.8,0.45,12,0.35,1.2,8,50.0,-8.61,-0.1,-2.87,0.885,-1.076,50.0,3,-0.056
2026-07-02 16:58:49,M15_sweep_wick_tr12_pv8_lv60_mb0.1_xb1.8_br0.45_fw12_sl0.35_rr1.2,M15,sweep,wick,12,8,60,0.1,1.8,0.45,12,0.35,1.2,8,50.0,-8.61,-0.1,-2.87,0.885,-1.076,50.0,3,-0.056
2026-07-02 16:58:49,M15_sweep_wick_tr12_pv8_lv60_mb0.18_xb1.8_br0.45_fw12_sl0.35_rr1.2,M15,sweep,wick,12,8,60,0.18,1.8,0.45,12,0.35,1.2,8,50.0,-8.61,-0.1,-2.87,0.885,-1.076,50.0,3,-0.056
2026-07-02 16:58:49,M15_near_wick_tr8_pv8_lv60_mb0.1_xb1.8_br0.3_fw12_sl0.35_rr0.9,M15,near,wick,8,8,60,0.1,1.8,0.3,12,0.35,0.9,17,41.2,-14.82,-0.16,-4.94,0.884,-0.872,40.0,3,-0.062
2026-07-02 16:58:49,M15_near_wick_tr8_pv8_lv60_mb0.18_xb1.8_br0.3_fw12_sl0.35_rr0.9,M15,near,wick,8,8,60,0.18,1.8,0.3,12,0.35,0.9,17,41.2,-14.82,-0.16,-4.94,0.884,-0.872,40.0,3,-0.062
2026-07-02 16:58:49,M5_near_wick_tr8_pv8_lv60_mb0.1_xb1.8_br0.3_fw12_sl0.6_rr0.9,M5,near,wick,8,8,60,0.1,1.8,0.3,12,0.6,0.9,52,53.8,-44.03,-0.49,-14.68,0.875,-0.847,52.3,5,-0.068
2026-07-02 16:58:49,M5_near_wick_tr8_pv8_lv60_mb0.18_xb1.8_br0.3_fw12_sl0.6_rr0.9,M5,near,wick,8,8,60,0.18,1.8,0.3,12,0.6,0.9,52,53.8,-44.03,-0.49,-14.68,0.875,-0.847,52.3,5,-0.068
2026-07-02 16:58:49,M5_near_wick_tr12_pv8_lv60_mb0.1_xb1.8_br0.3_fw12_sl0.6_rr0.9,M5,near,wick,12,8,60,0.1,1.8,0.3,12,0.6,0.9,52,53.8,-44.03,-0.49,-14.68,0.875,-0.847,52.3,5,-0.068
2026-07-02 16:58:49,M5_near_wick_tr12_pv8_lv60_mb0.18_xb1.8_br0.3_fw12_sl0.6_rr0.9,M5,near,wick,12,8,60,0.18,1.8,0.3,12,0.6,0.9,52,53.8,-44.03,-0.49,-14.68,0.875,-0.847,52.3,5,-0.068
2026-07-02 16:58:49,M5_near_body_tr8_pv8_lv60_mb0.1_xb1.8_br0.45_fw12_sl0.6_rr0.9,M5,near,body,8,8,60,0.1,1.8,0.45,12,0.6,0.9,63,50.8,-52.02,-0.58,-17.34,0.873,-0.826,50.0,4,-0.069
2026-07-02 16:58:49,M5_near_body_tr8_pv8_lv60_mb0.18_xb1.8_br0.45_fw12_sl0.6_rr0.9,M5,near,body,8,8,60,0.18,1.8,0.45,12,0.6,0.9,63,50.8,-52.02,-0.58,-17.34,0.873,-0.826,50.0,4,-0.069
2026-07-02 16:58:49,M5_near_body_tr12_pv8_lv60_mb0.1_xb1.8_br0.45_fw12_sl0.6_rr0.9,M5,near,body,12,8,60,0.1,1.8,0.45,12,0.6,0.9,63,50.8,-52.02,-0.58,-17.34,0.873,-0.826,50.0,4,-0.069
2026-07-02 16:58:49,M5_near_body_tr12_pv8_lv60_mb0.18_xb1.8_br0.45_fw12_sl0.6_rr0.9,M5,near,body,12,8,60,0.18,1.8,0.45,12,0.6,0.9,63,50.8,-52.02,-0.58,-17.34,0.873,-0.826,50.0,4,-0.069
2026-07-02 16:58:49,M5_sweep_wick_tr8_pv8_lv60_mb0.1_xb1.8_br0.45_fw12_sl0.35_rr0.9,M5,sweep,wick,8,8,60,0.1,1.8,0.45,12,0.35,0.9,28,53.6,-20.64,-0.23,-6.88,0.867,-0.737,54.2,4,-0.079
2026-07-02 16:58:49,M5_sweep_wick_tr8_pv8_lv60_mb0.18_xb1.8_br0.45_fw12_sl0.35_rr0.9,M5,sweep,wick,8,8,60,0.18,1.8,0.45,12,0.35,0.9,28,53.6,-20.64,-0.23,-6.88,0.867,-0.737,54.2,4,-0.079
2026-07-02 16:58:49,M5_sweep_wick_tr12_pv8_lv60_mb0.1_xb1.8_br0.45_fw12_sl0.35_rr0.9,M5,sweep,wick,12,8,60,0.1,1.8,0.45,12,0.35,0.9,28,53.6,-20.64,-0.23,-6.88,0.867,-0.737,54.2,4,-0.079
2026-07-02 16:58:49,M5_sweep_wick_tr12_pv8_lv60_mb0.18_xb1.8_br0.45_fw12_sl0.35_rr0.9,M5,sweep,wick,12,8,60,0.18,1.8,0.45,12,0.35,0.9,28,53.6,-20.64,-0.23,-6.88,0.867,-0.737,54.2,4,-0.079
2026-07-02 16:58:49,M15_near_body_tr12_pv8_lv60_mb0.1_xb1.8_br0.45_fw12_sl0.6_rr0.9,M15,near,body,12,8,60,0.1,1.8,0.45,12,0.6,0.9,24,50.0,-31.56,-0.35,-10.52,0.855,-1.315,45.0,3,-0.083
2026-07-02 16:58:49,M15_near_body_tr12_pv8_lv60_mb0.18_xb1.8_br0.45_fw12_sl0.6_rr0.9,M15,near,body,12,8,60,0.18,1.8,0.45,12,0.6,0.9,24,50.0,-31.56,-0.35,-10.52,0.855,-1.315,45.0,3,-0.083
2026-07-02 16:58:49,M15_sweep_body_tr8_pv8_lv60_mb0.1_xb1.8_br0.45_fw12_sl0.35_rr1.2,M15,sweep,body,8,8,60,0.1,1.8,0.45,12,0.35,1.2,15,46.7,-21.45,-0.24,-7.15,0.854,-1.43,50.0,2,-0.073
2026-07-02 16:58:49,M15_sweep_body_tr8_pv8_lv60_mb0.18_xb1.8_br0.45_fw12_sl0.35_rr1.2,M15,sweep,body,8,8,60,0.18,1.8,0.45,12,0.35,1.2,15,46.7,-21.45,-0.24,-7.15,0.854,-1.43,50.0,2,-0.073
2026-07-02 16:58:49,M15_sweep_body_tr12_pv8_lv60_mb0.1_xb1.8_br0.45_fw12_sl0.35_rr1.2,M15,sweep,body,12,8,60,0.1,1.8,0.45,12,0.35,1.2,15,46.7,-21.45,-0.24,-7.15,0.854,-1.43,50.0,2,-0.073
2026-07-02 16:58:49,M15_sweep_body_tr12_pv8_lv60_mb0.18_xb1.8_br0.45_fw12_sl0.35_rr1.2,M15,sweep,body,12,8,60,0.18,1.8,0.45,12,0.35,1.2,15,46.7,-21.45,-0.24,-7.15,0.854,-1.43,50.0,2,-0.073
2026-07-02 16:58:49,M5_sweep_body_tr8_pv8_lv60_mb0.1_xb1.8_br0.45_fw12_sl0.35_rr1.2,M5,sweep,body,8,8,60,0.1,1.8,0.45,12,0.35,1.2,44,43.2,-40.75,-0.45,-13.58,0.842,-0.926,41.7,7,-0.097
2026-07-02 16:58:49,M5_sweep_body_tr8_pv8_lv60_mb0.18_xb1.8_br0.45_fw12_sl0.35_rr1.2,M5,sweep,body,8,8,60,0.18,1.8,0.45,12,0.35,1.2,44,43.2,-40.75,-0.45,-13.58,0.842,-0.926,41.7,7,-0.097
2026-07-02 16:58:49,M5_sweep_body_tr12_pv8_lv60_mb0.1_xb1.8_br0.45_fw12_sl0.35_rr1.2,M5,sweep,body,12,8,60,0.1,1.8,0.45,12,0.35,1.2,44,43.2,-40.75,-0.45,-13.58,0.842,-0.926,41.7,7,-0.097
2026-07-02 16:58:49,M5_sweep_body_tr12_pv8_lv60_mb0.18_xb1.8_br0.45_fw12_sl0.35_rr1.2,M5,sweep,body,12,8,60,0.18,1.8,0.45,12,0.35,1.2,44,43.2,-40.75,-0.45,-13.58,0.842,-0.926,41.7,7,-0.097
2026-07-02 16:58:49,M5_near_body_tr8_pv8_lv60_mb0.1_xb1.8_br0.45_fw12_sl0.35_rr1.2,M5,near,body,8,8,60,0.1,1.8,0.45,12,0.35,1.2,63,41.3,-74.45,-0.83,-24.82,0.821,-1.182,42.3,7,-0.097
2026-07-02 16:58:49,M5_near_body_tr8_pv8_lv60_mb0.18_xb1.8_br0.45_fw12_sl0.35_rr1.2,M5,near,body,8,8,60,0.18,1.8,0.45,12,0.35,1.2,63,41.3,-74.45,-0.83,-24.82,0.821,-1.182,42.3,7,-0.097
2026-07-02 16:58:49,M5_near_body_tr12_pv8_lv60_mb0.1_xb1.8_br0.45_fw12_sl0.35_rr1.2,M5,near,body,12,8,60,0.1,1.8,0.45,12,0.35,1.2,63,41.3,-74.45,-0.83,-24.82,0.821,-1.182,42.3,7,-0.097
2026-07-02 16:58:49,M5_near_body_tr12_pv8_lv60_mb0.18_xb1.8_br0.45_fw12_sl0.35_rr1.2,M5,near,body,12,8,60,0.18,1.8,0.45,12,0.35,1.2,63,41.3,-74.45,-0.83,-24.82,0.821,-1.182,42.3,7,-0.097
2026-07-02 16:58:49,M5_sweep_body_tr8_pv8_lv60_mb0.1_xb1.8_br0.45_fw12_sl0.35_rr0.9,M5,sweep,body,8,8,60,0.1,1.8,0.45,12,0.35,0.9,44,52.3,-42.02,-0.47,-14.01,0.816,-0.955,47.2,5,-0.117
2026-07-02 16:58:49,M5_sweep_body_tr8_pv8_lv60_mb0.18_xb1.8_br0.45_fw12_sl0.35_rr0.9,M5,sweep,body,8,8,60,0.18,1.8,0.45,12,0.35,0.9,44,52.3,-42.02,-0.47,-14.01,0.816,-0.955,47.2,5,-0.117
2026-07-02 16:58:49,M5_sweep_body_tr12_pv8_lv60_mb0.1_xb1.8_br0.45_fw12_sl0.35_rr0.9,M5,sweep,body,12,8,60,0.1,1.8,0.45,12,0.35,0.9,44,52.3,-42.02,-0.47,-14.01,0.816,-0.955,47.2,5,-0.117
2026-07-02 16:58:49,M5_sweep_body_tr12_pv8_lv60_mb0.18_xb1.8_br0.45_fw12_sl0.35_rr0.9,M5,sweep,body,12,8,60,0.18,1.8,0.45,12,0.35,0.9,44,52.3,-42.02,-0.47,-14.01,0.816,-0.955,47.2,5,-0.117
2026-07-02 16:58:49,M15_near_wick_tr8_pv8_lv60_mb0.1_xb1.8_br0.45_fw12_sl0.6_rr1.2,M15,near,wick,8,8,60,0.1,1.8,0.45,12,0.6,1.2,15,40.0,-30.58,-0.34,-10.19,0.809,-2.039,42.9,2,-0.109
2026-07-02 16:58:49,M15_near_wick_tr8_pv8_lv60_mb0.18_xb1.8_br0.45_fw12_sl0.6_rr1.2,M15,near,wick,8,8,60,0.18,1.8,0.45,12,0.6,1.2,15,40.0,-30.58,-0.34,-10.19,0.809,-2.039,42.9,2,-0.109
2026-07-02 16:58:49,M5_near_wick_tr8_pv8_lv60_mb0.1_xb1.8_br0.45_fw12_sl0.6_rr1.2,M5,near,wick,8,8,60,0.1,1.8,0.45,12,0.6,1.2,45,42.2,-72.95,-0.81,-24.32,0.803,-1.621,43.9,7,-0.106
2026-07-02 16:58:49,M5_near_wick_tr8_pv8_lv60_mb0.18_xb1.8_br0.45_fw12_sl0.6_rr1.2,M5,near,wick,8,8,60,0.18,1.8,0.45,12,0.6,1.2,45,42.2,-72.95,-0.81,-24.32,0.803,-1.621,43.9,7,-0.106
2026-07-02 16:58:49,M5_near_wick_tr12_pv8_lv60_mb0.1_xb1.8_br0.45_fw12_sl0.6_rr1.2,M5,near,wick,12,8,60,0.1,1.8,0.45,12,0.6,1.2,45,42.2,-72.95,-0.81,-24.32,0.803,-1.621,43.9,7,-0.106
2026-07-02 16:58:49,M5_near_wick_tr12_pv8_lv60_mb0.18_xb1.8_br0.45_fw12_sl0.6_rr1.2,M5,near,wick,12,8,60,0.18,1.8,0.45,12,0.6,1.2,45,42.2,-72.95,-0.81,-24.32,0.803,-1.621,43.9,7,-0.106
2026-07-02 16:58:49,M5_near_wick_tr8_pv8_lv60_mb0.1_xb1.8_br0.3_fw12_sl0.35_rr0.9,M5,near,wick,8,8,60,0.1,1.8,0.3,12,0.35,0.9,52,51.9,-63.54,-0.71,-21.18,0.801,-1.222,52.3,6,-0.104
2026-07-02 16:58:49,M5_near_wick_tr8_pv8_lv60_mb0.18_xb1.8_br0.3_fw12_sl0.35_rr0.9,M5,near,wick,8,8,60,0.18,1.8,0.3,12,0.35,0.9,52,51.9,-63.54,-0.71,-21.18,0.801,-1.222,52.3,6,-0.104
2026-07-02 16:58:49,M5_near_wick_tr12_pv8_lv60_mb0.1_xb1.8_br0.3_fw12_sl0.35_rr0.9,M5,near,wick,12,8,60,0.1,1.8,0.3,12,0.35,0.9,52,51.9,-63.54,-0.71,-21.18,0.801,-1.222,52.3,6,-0.104
2026-07-02 16:58:49,M5_near_wick_tr12_pv8_lv60_mb0.18_xb1.8_br0.3_fw12_sl0.35_rr0.9,M5,near,wick,12,8,60,0.18,1.8,0.3,12,0.35,0.9,52,51.9,-63.54,-0.71,-21.18,0.801,-1.222,52.3,6,-0.104
2026-07-02 16:58:49,M5_near_body_tr8_pv8_lv60_mb0.1_xb1.8_br0.45_fw12_sl0.35_rr0.9,M5,near,body,8,8,60,0.1,1.8,0.45,12,0.35,0.9,63,50.8,-74.42,-0.83,-24.81,0.798,-1.181,49.0,5,-0.108
2026-07-02 16:58:49,M5_near_body_tr8_pv8_lv60_mb0.18_xb1.8_br0.45_fw12_sl0.35_rr0.9,M5,near,body,8,8,60,0.18,1.8,0.45,12,0.35,0.9,63,50.8,-74.42,-0.83,-24.81,0.798,-1.181,49.0,5,-0.108
2026-07-02 16:58:49,M5_near_body_tr12_pv8_lv60_mb0.1_xb1.8_br0.45_fw12_sl0.35_rr0.9,M5,near,body,12,8,60,0.1,1.8,0.45,12,0.35,0.9,63,50.8,-74.42,-0.83,-24.81,0.798,-1.181,49.0,5,-0.108
2026-07-02 16:58:49,M5_near_body_tr12_pv8_lv60_mb0.18_xb1.8_br0.45_fw12_sl0.35_rr0.9,M5,near,body,12,8,60,0.18,1.8,0.45,12,0.35,0.9,63,50.8,-74.42,-0.83,-24.81,0.798,-1.181,49.0,5,-0.108
2026-07-02 16:58:49,M5_near_wick_tr8_pv8_lv60_mb0.1_xb1.8_br0.3_fw12_sl0.35_rr1.2,M5,near,wick,8,8,60,0.1,1.8,0.3,12,0.35,1.2,52,40.4,-81.02,-0.9,-27.01,0.78,-1.558,40.9,9,-0.12
2026-07-02 16:58:49,M5_near_wick_tr8_pv8_lv60_mb0.18_xb1.8_br0.3_fw12_sl0.35_rr1.2,M5,near,wick,8,8,60,0.18,1.8,0.3,12,0.35,1.2,52,40.4,-81.02,-0.9,-27.01,0.78,-1.558,40.9,9,-0.12
2026-07-02 16:58:49,M5_near_wick_tr12_pv8_lv60_mb0.1_xb1.8_br0.3_fw12_sl0.35_rr1.2,M5,near,wick,12,8,60,0.1,1.8,0.3,12,0.35,1.2,52,40.4,-81.02,-0.9,-27.01,0.78,-1.558,40.9,9,-0.12
2026-07-02 16:58:49,M5_near_wick_tr12_pv8_lv60_mb0.18_xb1.8_br0.3_fw12_sl0.35_rr1.2,M5,near,wick,12,8,60,0.18,1.8,0.3,12,0.35,1.2,52,40.4,-81.02,-0.9,-27.01,0.78,-1.558,40.9,9,-0.12
2026-07-02 16:58:49,M15_near_wick_tr12_pv8_lv60_mb0.1_xb1.8_br0.45_fw12_sl0.6_rr1.2,M15,near,wick,12,8,60,0.1,1.8,0.45,12,0.6,1.2,16,37.5,-43.74,-0.49,-14.58,0.747,-2.734,40.0,3,-0.149
2026-07-02 16:58:49,M15_near_wick_tr12_pv8_lv60_mb0.18_xb1.8_br0.45_fw12_sl0.6_rr1.2,M15,near,wick,12,8,60,0.18,1.8,0.45,12,0.6,1.2,16,37.5,-43.74,-0.49,-14.58,0.747,-2.734,40.0,3,-0.149
2026-07-02 16:58:49,M15_near_wick_tr8_pv8_lv60_mb0.1_xb1.8_br0.3_fw12_sl0.6_rr0.9,M15,near,wick,8,8,60,0.1,1.8,0.3,12,0.6,0.9,17,47.1,-40.74,-0.45,-13.58,0.745,-2.396,40.0,3,-0.163
2026-07-02 16:58:49,M15_near_wick_tr8_pv8_lv60_mb0.18_xb1.8_br0.3_fw12_sl0.6_rr0.9,M15,near,wick,8,8,60,0.18,1.8,0.3,12,0.6,0.9,17,47.1,-40.74,-0.45,-13.58,0.745,-2.396,40.0,3,-0.163
2026-07-02 16:58:49,M5_near_wick_tr8_pv8_lv60_mb0.1_xb1.8_br0.45_fw12_sl0.6_rr0.9,M5,near,wick,8,8,60,0.1,1.8,0.45,12,0.6,0.9,45,48.9,-91.73,-1.02,-30.58,0.731,-2.038,48.8,5,-0.15
2026-07-02 16:58:49,M5_near_wick_tr8_pv8_lv60_mb0.18_xb1.8_br0.45_fw12_sl0.6_rr0.9,M5,near,wick,8,8,60,0.18,1.8,0.45,12,0.6,0.9,45,48.9,-91.73,-1.02,-30.58,0.731,-2.038,48.8,5,-0.15
2026-07-02 16:58:49,M5_near_wick_tr12_pv8_lv60_mb0.1_xb1.8_br0.45_fw12_sl0.6_rr0.9,M5,near,wick,12,8,60,0.1,1.8,0.45,12,0.6,0.9,45,48.9,-91.73,-1.02,-30.58,0.731,-2.038,48.8,5,-0.15
2026-07-02 16:58:49,M5_near_wick_tr12_pv8_lv60_mb0.18_xb1.8_br0.45_fw12_sl0.6_rr0.9,M5,near,wick,12,8,60,0.18,1.8,0.45,12,0.6,0.9,45,48.9,-91.73,-1.02,-30.58,0.731,-2.038,48.8,5,-0.15
2026-07-02 16:58:49,M15_near_wick_tr8_pv8_lv60_mb0.1_xb1.8_br0.3_fw12_sl0.35_rr1.2,M15,near,wick,8,8,60,0.1,1.8,0.3,12,0.35,1.2,17,35.3,-45.37,-0.5,-15.12,0.714,-2.669,40.0,3,-0.168
2026-07-02 16:58:49,M15_near_wick_tr8_pv8_lv60_mb0.18_xb1.8_br0.3_fw12_sl0.35_rr1.2,M15,near,wick,8,8,60,0.18,1.8,0.3,12,0.35,1.2,17,35.3,-45.37,-0.5,-15.12,0.714,-2.669,40.0,3,-0.168
2026-07-02 16:58:49,M15_near_wick_tr12_pv8_lv60_mb0.1_xb1.8_br0.3_fw12_sl0.6_rr0.9,M15,near,wick,12,8,60,0.1,1.8,0.3,12,0.6,0.9,18,44.4,-53.9,-0.6,-17.97,0.688,-2.994,37.5,3,-0.206
2026-07-02 16:58:49,M15_near_wick_tr12_pv8_lv60_mb0.18_xb1.8_br0.3_fw12_sl0.6_rr0.9,M15,near,wick,12,8,60,0.18,1.8,0.3,12,0.6,0.9,18,44.4,-53.9,-0.6,-17.97,0.688,-2.994,37.5,3,-0.206
2026-07-02 16:58:49,M15_near_wick_tr8_pv8_lv60_mb0.1_xb1.8_br0.45_fw12_sl0.35_rr1.2,M15,near,wick,8,8,60,0.1,1.8,0.45,12,0.35,1.2,15,33.3,-46.08,-0.51,-15.36,0.687,-3.072,35.7,3,-0.191
2026-07-02 16:58:49,M15_near_wick_tr8_pv8_lv60_mb0.18_xb1.8_br0.45_fw12_sl0.35_rr1.2,M15,near,wick,8,8,60,0.18,1.8,0.45,12,0.35,1.2,15,33.3,-46.08,-0.51,-15.36,0.687,-3.072,35.7,3,-0.191
2026-07-02 16:58:49,M5_near_wick_tr8_pv8_lv60_mb0.1_xb1.8_br0.45_fw12_sl0.35_rr1.2,M5,near,wick,8,8,60,0.1,1.8,0.45,12,0.35,1.2,45,37.8,-113.49,-1.26,-37.83,0.673,-2.522,37.5,11,-0.191
2026-07-02 16:58:49,M5_near_wick_tr8_pv8_lv60_mb0.18_xb1.8_br0.45_fw12_sl0.35_rr1.2,M5,near,wick,8,8,60,0.18,1.8,0.45,12,0.35,1.2,45,37.8,-113.49,-1.26,-37.83,0.673,-2.522,37.5,11,-0.191
2026-07-02 16:58:49,M5_near_wick_tr12_pv8_lv60_mb0.1_xb1.8_br0.45_fw12_sl0.35_rr1.2,M5,near,wick,12,8,60,0.1,1.8,0.45,12,0.35,1.2,45,37.8,-113.49,-1.26,-37.83,0.673,-2.522,37.5,11,-0.191
2026-07-02 16:58:49,M5_near_wick_tr12_pv8_lv60_mb0.18_xb1.8_br0.45_fw12_sl0.35_rr1.2,M5,near,wick,12,8,60,0.18,1.8,0.45,12,0.35,1.2,45,37.8,-113.49,-1.26,-37.83,0.673,-2.522,37.5,11,-0.191
2026-07-02 16:58:49,M15_near_wick_tr12_pv8_lv60_mb0.1_xb1.8_br0.3_fw12_sl0.35_rr1.2,M15,near,wick,12,8,60,0.1,1.8,0.3,12,0.35,1.2,18,33.3,-56.48,-0.63,-18.83,0.668,-3.138,37.5,3,-0.202
2026-07-02 16:58:49,M15_near_wick_tr12_pv8_lv60_mb0.18_xb1.8_br0.3_fw12_sl0.35_rr1.2,M15,near,wick,12,8,60,0.18,1.8,0.3,12,0.35,1.2,18,33.3,-56.48,-0.63,-18.83,0.668,-3.138,37.5,3,-0.202
2026-07-02 16:58:49,M5_near_wick_tr8_pv8_lv60_mb0.1_xb1.8_br0.45_fw12_sl0.35_rr0.9,M5,near,wick,8,8,60,0.1,1.8,0.45,12,0.35,0.9,45,46.7,-103.96,-1.16,-34.65,0.664,-2.31,47.5,6,-0.185
2026-07-02 16:58:49,M5_near_wick_tr8_pv8_lv60_mb0.18_xb1.8_br0.45_fw12_sl0.35_rr0.9,M5,near,wick,8,8,60,0.18,1.8,0.45,12,0.35,0.9,45,46.7,-103.96,-1.16,-34.65,0.664,-2.31,47.5,6,-0.185
2026-07-02 16:58:49,M5_near_wick_tr12_pv8_lv60_mb0.1_xb1.8_br0.45_fw12_sl0.35_rr0.9,M5,near,wick,12,8,60,0.1,1.8,0.45,12,0.35,0.9,45,46.7,-103.96,-1.16,-34.65,0.664,-2.31,47.5,6,-0.185
2026-07-02 16:58:49,M5_near_wick_tr12_pv8_lv60_mb0.18_xb1.8_br0.45_fw12_sl0.35_rr0.9,M5,near,wick,12,8,60,0.18,1.8,0.45,12,0.35,0.9,45,46.7,-103.96,-1.16,-34.65,0.664,-2.31,47.5,6,-0.185
2026-07-02 16:58:49,M15_near_wick_tr12_pv8_lv60_mb0.1_xb1.8_br0.45_fw12_sl0.35_rr1.2,M15,near,wick,12,8,60,0.1,1.8,0.45,12,0.35,1.2,16,31.2,-57.19,-0.64,-19.06,0.639,-3.574,33.3,3,-0.227
2026-07-02 16:58:49,M15_near_wick_tr12_pv8_lv60_mb0.18_xb1.8_br0.45_fw12_sl0.35_rr1.2,M15,near,wick,12,8,60,0.18,1.8,0.45,12,0.35,1.2,16,31.2,-57.19,-0.64,-19.06,0.639,-3.574,33.3,3,-0.227
2026-07-02 16:58:49,M15_near_wick_tr8_pv8_lv60_mb0.1_xb1.8_br0.45_fw12_sl0.6_rr0.9,M15,near,wick,8,8,60,0.1,1.8,0.45,12,0.6,0.9,15,40.0,-63.19,-0.7,-21.06,0.605,-4.213,35.7,3,-0.261
2026-07-02 16:58:49,M15_near_wick_tr8_pv8_lv60_mb0.18_xb1.8_br0.45_fw12_sl0.6_rr0.9,M15,near,wick,8,8,60,0.18,1.8,0.45,12,0.6,0.9,15,40.0,-63.19,-0.7,-21.06,0.605,-4.213,35.7,3,-0.261
2026-07-02 16:58:49,M15_near_wick_tr12_pv8_lv60_mb0.1_xb1.8_br0.45_fw12_sl0.6_rr0.9,M15,near,wick,12,8,60,0.1,1.8,0.45,12,0.6,0.9,16,37.5,-76.35,-0.85,-25.45,0.559,-4.772,33.3,3,-0.302
2026-07-02 16:58:49,M15_near_wick_tr12_pv8_lv60_mb0.18_xb1.8_br0.45_fw12_sl0.6_rr0.9,M15,near,wick,12,8,60,0.18,1.8,0.45,12,0.6,0.9,16,37.5,-76.35,-0.85,-25.45,0.559,-4.772,33.3,3,-0.302
